{
	"carName": "ferrari_488_gt3_evo",
	"basicSetup":
	{
		"tyres":
		{
			"tyreCompound": 0,
			"tyrePressure": [ 64, 66, 63, 62 ]
		},
		"alignment":
		{
			"camber": [ 0, 0, 0, 0 ],
			"toe": [ 0, 0, 0, 0 ],
			"staticCamber": [ -3.1290481090545654, -3.1281471252441406, -2.6109857559204102, -2.6118407249450684 ],
			"toeOutLinear": [ 0.0019813880790024996, 0.0019813873805105686, -0.0014245972270146012, -0.0014246490318328142 ],
			"casterLF": 52,
			"casterRF": 52,
			"steerRatio": 4
		},
		"electronics":
		{
			"tC1": 9,
			"tC2": 0,
			"abs": 5,
			"eCUMap": 0,
			"fuelMix": 0,
			"telemetryLaps": 15
		},
		"strategy":
		{
			"fuel": 44,
			"nPitStops": 0,
			"tyreSet": 2,
			"frontBrakePadCompound": 0,
			"rearBrakePadCompound": 0,
			"pitStrategy": [
				{
					"fuelToAdd": 0,
					"tyres":
					{
						"tyreCompound": 0,
						"tyrePressure": [ 0, 0, 0, 0 ]
					},
					"tyreSet": 2,
					"frontBrakePadCompound": 0,
					"rearBrakePadCompound": 0
				}
			],
			"fuelPerLap": 2.7829914093017578
		}
	},
	"advancedSetup":
	{
		"mechanicalBalance":
		{
			"aRBFront": 30,
			"aRBRear": 4,
			"wheelRate": [ 7, 7, 2, 2 ],
			"bumpStopRateUp": [ 7, 7, 0, 0 ],
			"bumpStopRateDn": [ 0, 0, 10, 10 ],
			"bumpStopWindow": [ 0, 0, 0, 0 ],
			"brakeTorque": 20,
			"brakeBias": 23
		},
		"dampers":
		{
			"bumpSlow": [ 8, 8, 1, 1 ],
			"bumpFast": [ 12, 12, 12, 12 ],
			"reboundSlow": [ 4, 4, 5, 5 ],
			"reboundFast": [ 12, 12, 12, 12 ]
		},
		"aeroBalance":
		{
			"rideHeight": [ 0, 6, 17, 18 ],
			"rodLength": [ -34.340290069580078, -34.340290069580078, -8.8391132354736328, -8.8391132354736328 ],
			"splitter": 0,
			"rearWing": 14,
			"brakeDuct": [ 3, 2 ]
		},
		"drivetrain":
		{
			"preload": 28
		}
	},
	"trackBopType": 44
}