{
	"carName": "mclaren_720s_gt3",
	"basicSetup":
	{
		"tyres":
		{
			"tyreCompound": 0,
			"tyrePressure": [ 54, 54, 48, 48 ]
		},
		"alignment":
		{
			"camber": [ 12, 12, 15, 15 ],
			"toe": [ 43, 43, 15, 15 ],
			"staticCamber": [ -4.4037976264953613, -4.4036774635314941, -4.0557847023010254, -4.0551900863647461 ],
			"toeOutLinear": [ 0.001529080793261528, 0.0015289620496332645, 0.00022363696189131588, 0.00022354384418576956 ],
			"casterLF": 11,
			"casterRF": 11,
			"steerRatio": 2
		},
		"electronics":
		{
			"tC1": 3,
			"tC2": 6,
			"abs": 4,
			"eCUMap": 0,
			"fuelMix": 0,
			"telemetryLaps": 0
		},
		"strategy":
		{
			"fuel": 28,
			"nPitStops": 0,
			"tyreSet": 0,
			"frontBrakePadCompound": 1,
			"rearBrakePadCompound": 1,
			"pitStrategy": [
				{
					"fuelToAdd": 0,
					"tyres":
					{
						"tyreCompound": 0,
						"tyrePressure": [ 54, 54, 48, 48 ]
					},
					"tyreSet": 2,
					"frontBrakePadCompound": 1,
					"rearBrakePadCompound": 1
				}
			],
			"fuelPerLap": 3.4500000476837158
		}
	},
	"advancedSetup":
	{
		"mechanicalBalance":
		{
			"aRBFront": 1,
			"aRBRear": 2,
			"wheelRate": [ 1, 1, 2, 2 ],
			"bumpStopRateUp": [ 5, 5, 2, 2 ],
			"bumpStopRateDn": [ 0, 0, 10, 10 ],
			"bumpStopWindow": [ 1, 1, 50, 50 ],
			"brakeTorque": 20,
			"brakeBias": 58
		},
		"dampers":
		{
			"bumpSlow": [ 25, 25, 20, 20 ],
			"bumpFast": [ 31, 31, 23, 23 ],
			"reboundSlow": [ 8, 8, 22, 22 ],
			"reboundFast": [ 9, 9, 23, 23 ]
		},
		"aeroBalance":
		{
			"rideHeight": [ 3, 6, 0, 18 ],
			"rodLength": [ 64.07421875, 64.07421875, 33.291099548339844, 33.291099548339844 ],
			"splitter": 0,
			"rearWing": 1,
			"brakeDuct": [ 2, 1 ]
		},
		"drivetrain":
		{
			"preload": 6
		}
	}
}