{"carName":"ferrari_296_gt3","basicSetup":{"tyres":{"tyreCompound":0,"tyrePressure":[56,50,48,44]},"alignment":{"camber":[1,1,1,1],"toe":[2,2,8,10],"staticCamber":[-4.626374244689941,-4.630290031433105,-4.76075553894043,-4.764195442199707],"toeOutLinear":[0.0003170297422911972,0.0003170466225128621,-0.001232830807566643,-0.001159765059128404],"casterLF":26,"casterRF":26,"steerRatio":2},"electronics":{"tC1":6,"tC2":0,"abs":2,"eCUMap":0,"fuelMix":0,"telemetryLaps":0},"strategy":{"fuel":42,"nPitStops":0,"tyreSet":11,"frontBrakePadCompound":0,"rearBrakePadCompound":0,"pitStrategy":[{"fuelToAdd":0,"tyres":{"tyreCompound":0,"tyrePressure":[41,58,45,56]},"tyreSet":2,"frontBrakePadCompound":1,"rearBrakePadCompound":1}],"fuelPerLap":2.526332855224609}},"advancedSetup":{"mechanicalBalance":{"aRBFront":0,"aRBRear":2,"wheelRate":[1,1,2,2],"bumpStopRateUp":[2,2,0,0],"bumpStopRateDn":[0,0,10,10],"bumpStopWindow":[14,14,13,13],"brakeTorque":20,"brakeBias":16},"dampers":{"bumpSlow":[0,0,4,4],"bumpFast":[0,0,6,6],"reboundSlow":[0,0,8,8],"reboundFast":[0,0,11,11]},"aeroBalance":{"rideHeight":[2,6,9,18],"rodLength":[38.09763336181641,38.09763336181641,42.71887969970703,42.71887969970703],"splitter":0,"rearWing":12,"brakeDuct":[3,4]},"drivetrain":{"preload":16}},"trackBopType":27}
