{"carName":"ferrari_296_gt3","basicSetup":{"tyres":{"tyreCompound":0,"tyrePressure":[56,50,45,41]},"alignment":{"camber":[0,0,0,0],"toe":[0,0,8,8],"staticCamber":[-4.729779243469238,-4.733655452728271,-4.909392356872559,-4.912192821502686],"toeOutLinear":[0.0003641328366938978,0.0003641487273853272,-0.001236412907019258,-0.001236438401974738],"casterLF":26,"casterRF":26,"steerRatio":2},"electronics":{"tC1":6,"tC2":0,"abs":2,"eCUMap":0,"fuelMix":0,"telemetryLaps":0},"strategy":{"fuel":12,"nPitStops":0,"tyreSet":6,"frontBrakePadCompound":0,"rearBrakePadCompound":0,"pitStrategy":[{"fuelToAdd":0,"tyres":{"tyreCompound":0,"tyrePressure":[41,58,45,56]},"tyreSet":2,"frontBrakePadCompound":1,"rearBrakePadCompound":1}],"fuelPerLap":2.491317987442017}},"advancedSetup":{"mechanicalBalance":{"aRBFront":0,"aRBRear":2,"wheelRate":[1,1,2,2],"bumpStopRateUp":[2,2,0,0],"bumpStopRateDn":[0,0,10,10],"bumpStopWindow":[14,14,13,13],"brakeTorque":20,"brakeBias":21},"dampers":{"bumpSlow":[0,0,4,4],"bumpFast":[0,0,6,6],"reboundSlow":[0,0,8,8],"reboundFast":[0,0,11,11]},"aeroBalance":{"rideHeight":[2,6,10,18],"rodLength":[37.85721588134766,37.85721588134766,43.12551879882812,43.12551879882812],"splitter":0,"rearWing":12,"brakeDuct":[3,3]},"drivetrain":{"preload":16}},"trackBopType":27}
