{
	"carName": "ferrari_488_gt3_evo",
	"basicSetup":
	{
		"tyres":
		{
			"tyreCompound": 0,
			"tyrePressure": [ 45, 54, 47, 55 ]
		},
		"alignment":
		{
			"camber": [ 0, 0, 1, 1 ],
			"toe": [ 32, 32, 50, 50 ],
			"staticCamber": [ -3.0717203617095947, -3.0659177303314209, -2.2208797931671143, -2.21510910987854 ],
			"toeOutLinear": [ 0.00082743156235665083, 0.00082743092207238078, -0.00042575690895318985, -0.00042577163549140096 ],
			"casterLF": 46,
			"casterRF": 46,
			"steerRatio": 4
		},
		"electronics":
		{
			"tC1": 4,
			"tC2": 4,
			"abs": 4,
			"eCUMap": 2,
			"fuelMix": 0,
			"telemetryLaps": 0
		},
		"strategy":
		{
			"fuel": 60,
			"nPitStops": 0,
			"tyreSet": 1,
			"frontBrakePadCompound": 0,
			"rearBrakePadCompound": 0,
			"pitStrategy": [
				{
					"fuelToAdd": 0,
					"tyres":
					{
						"tyreCompound": 0,
						"tyrePressure": [ 45, 54, 47, 55 ]
					},
					"tyreSet": 2,
					"frontBrakePadCompound": 1,
					"rearBrakePadCompound": 1
				}
			],
			"fuelPerLap": 3.3499999046325684
		}
	},
	"advancedSetup":
	{
		"mechanicalBalance":
		{
			"aRBFront": 26,
			"aRBRear": 9,
			"wheelRate": [ 8, 8, 6, 6 ],
			"bumpStopRateUp": [ 5, 5, 2, 2 ],
			"bumpStopRateDn": [ 0, 0, 10, 10 ],
			"bumpStopWindow": [ 4, 4, 15, 15 ],
			"brakeTorque": 20,
			"brakeBias": 50
		},
		"dampers":
		{
			"bumpSlow": [ 6, 6, 5, 4 ],
			"bumpFast": [ 6, 6, 8, 8 ],
			"reboundSlow": [ 7, 7, 7, 7 ],
			"reboundFast": [ 7, 7, 9, 9 ]
		},
		"aeroBalance":
		{
			"rideHeight": [ 1, 6, 3, 18 ],
			"rodLength": [ -34.960716247558594, -34.960716247558594, -27.988803863525391, -27.988803863525391 ],
			"splitter": 0,
			"rearWing": 11,
			"brakeDuct": [ 4, 3 ]
		},
		"drivetrain":
		{
			"preload": 3
		}
	},
	"trackBopType": 52
}