{
	"carName": "mclaren_720s_gt3_evo",
	"basicSetup":
	{
		"tyres":
		{
			"tyreCompound": 0,
			"tyrePressure": [ 56, 52, 54, 47 ]
		},
		"alignment":
		{
			"camber": [ 0, 0, 0, 0 ],
			"toe": [ 36, 36, 25, 25 ],
			"staticCamber": [ -4.6117148399353027, -4.6143398284912109, -4.5894861221313477, -4.5940828323364258 ],
			"toeOutLinear": [ 0.0015910431975498796, 0.0015910511137917638, 0.00034300921834073961, 0.00034301038249395788 ],
			"casterLF": 21,
			"casterRF": 21,
			"steerRatio": 2
		},
		"electronics":
		{
			"tC1": 4,
			"tC2": 4,
			"abs": 3,
			"eCUMap": 0,
			"fuelMix": 0,
			"telemetryLaps": 0
		},
		"strategy":
		{
			"fuel": 25,
			"nPitStops": 0,
			"tyreSet": 3,
			"frontBrakePadCompound": 0,
			"rearBrakePadCompound": 0,
			"pitStrategy": [
				{
					"fuelToAdd": 0,
					"tyres":
					{
						"tyreCompound": 0,
						"tyrePressure": [ 48, 43, 45, 38 ]
					},
					"tyreSet": 2,
					"frontBrakePadCompound": 1,
					"rearBrakePadCompound": 1
				}
			],
			"fuelPerLap": 2.8701539039611816
		}
	},
	"advancedSetup":
	{
		"mechanicalBalance":
		{
			"aRBFront": 5,
			"aRBRear": 3,
			"wheelRate": [ 3, 3, 3, 3 ],
			"bumpStopRateUp": [ 7, 7, 2, 2 ],
			"bumpStopRateDn": [ 0, 0, 10, 10 ],
			"bumpStopWindow": [ 7, 7, 20, 20 ],
			"brakeTorque": 20,
			"brakeBias": 28
		},
		"dampers":
		{
			"bumpSlow": [ 30, 30, 14, 14 ],
			"bumpFast": [ 30, 30, 27, 27 ],
			"reboundSlow": [ 20, 20, 19, 19 ],
			"reboundFast": [ 30, 30, 35, 35 ]
		},
		"aeroBalance":
		{
			"rideHeight": [ 0, 6, 4, 18 ],
			"rodLength": [ 51.676063537597656, 51.676063537597656, 34.097946166992188, 34.097946166992188 ],
			"splitter": 2,
			"rearWing": 8,
			"brakeDuct": [ 4, 4 ]
		},
		"drivetrain":
		{
			"preload": 4
		}
	},
	"trackBopType": 27
}