{
	"carName": "bmw_m4_gt3",
	"basicSetup":
	{
		"tyres":
		{
			"tyreCompound": 0,
			"tyrePressure": [ 67, 70, 69, 71 ]
		},
		"alignment":
		{
			"camber": [ 0, 0, 3, 3 ],
			"toe": [ 0, 0, 0, 0 ],
			"staticCamber": [ -4.131925106048584, -4.1304926872253418, -1.7652636766433716, -1.7636651992797852 ],
			"toeOutLinear": [ 0.00038241621223278344, 0.00038241632864810526, 0.00030969371437095106, 0.0003096906584687531 ],
			"casterLF": 21,
			"casterRF": 21,
			"steerRatio": 2
		},
		"electronics":
		{
			"tC1": 6,
			"tC2": 0,
			"abs": 3,
			"eCUMap": 0,
			"fuelMix": 0,
			"telemetryLaps": 0
		},
		"strategy":
		{
			"fuel": 44,
			"nPitStops": 0,
			"tyreSet": 2,
			"frontBrakePadCompound": 0,
			"rearBrakePadCompound": 0,
			"pitStrategy": [
				{
					"fuelToAdd": 35,
					"tyres":
					{
						"tyreCompound": 0,
						"tyrePressure": [ 54, 56, 56, 57 ]
					},
					"tyreSet": 2,
					"frontBrakePadCompound": 0,
					"rearBrakePadCompound": 0
				}
			],
			"fuelPerLap": 4.0999999046325684
		}
	},
	"advancedSetup":
	{
		"mechanicalBalance":
		{
			"aRBFront": 7,
			"aRBRear": 7,
			"wheelRate": [ 2, 2, 2, 2 ],
			"bumpStopRateUp": [ 9, 9, 10, 10 ],
			"bumpStopRateDn": [ 0, 0, 10, 10 ],
			"bumpStopWindow": [ 9, 9, 35, 35 ],
			"brakeTorque": 20,
			"brakeBias": 10
		},
		"dampers":
		{
			"bumpSlow": [ 10, 10, 12, 12 ],
			"bumpFast": [ 26, 26, 24, 24 ],
			"reboundSlow": [ 34, 34, 30, 30 ],
			"reboundFast": [ 22, 22, 20, 20 ]
		},
		"aeroBalance":
		{
			"rideHeight": [ 0, 11, 3, 18 ],
			"rodLength": [ 22.878522872924805, 22.878522872924805, -1.280523419380188, -1.280523419380188 ],
			"splitter": 0,
			"rearWing": 2,
			"brakeDuct": [ 2, 2 ]
		},
		"drivetrain":
		{
			"preload": 9
		}
	},
	"trackBopType": 33
}