{
	"carName": "bmw_m4_gt3",
	"basicSetup":
	{
		"tyres":
		{
			"tyreCompound": 0,
			"tyrePressure": [ 59, 64, 60, 65 ]
		},
		"alignment":
		{
			"camber": [ 0, 0, 0, 0 ],
			"toe": [ 0, 0, 3, 3 ],
			"staticCamber": [ -4.1370282173156738, -4.1346044540405273, -2.1447820663452148, -2.1407392024993896 ],
			"toeOutLinear": [ 0.00039961040602065623, 0.00039961378206498921, 0.00023974118812475353, 0.00023972154303919524 ],
			"casterLF": 25,
			"casterRF": 25,
			"steerRatio": 3
		},
		"electronics":
		{
			"tC1": 5,
			"tC2": 0,
			"abs": 3,
			"eCUMap": 0,
			"fuelMix": 0,
			"telemetryLaps": 10
		},
		"strategy":
		{
			"fuel": 14,
			"nPitStops": 0,
			"tyreSet": 4,
			"frontBrakePadCompound": 0,
			"rearBrakePadCompound": 0,
			"pitStrategy": [
				{
					"fuelToAdd": 0,
					"tyres":
					{
						"tyreCompound": 0,
						"tyrePressure": [ 0, 0, 0, 0 ]
					},
					"tyreSet": 2,
					"frontBrakePadCompound": 0,
					"rearBrakePadCompound": 0
				}
			],
			"fuelPerLap": 3.3357200622558594
		}
	},
	"advancedSetup":
	{
		"mechanicalBalance":
		{
			"aRBFront": 5,
			"aRBRear": 0,
			"wheelRate": [ 0, 0, 0, 0 ],
			"bumpStopRateUp": [ 12, 12, 8, 8 ],
			"bumpStopRateDn": [ 0, 0, 10, 10 ],
			"bumpStopWindow": [ 20, 20, 50, 50 ],
			"brakeTorque": 20,
			"brakeBias": 16
		},
		"dampers":
		{
			"bumpSlow": [ 26, 26, 25, 25 ],
			"bumpFast": [ 37, 37, 40, 40 ],
			"reboundSlow": [ 26, 26, 27, 27 ],
			"reboundFast": [ 25, 25, 18, 18 ]
		},
		"aeroBalance":
		{
			"rideHeight": [ 0, 11, 4, 18 ],
			"rodLength": [ 28.449577331542969, 28.449577331542969, 7.3604846000671387, 7.3604846000671387 ],
			"splitter": 0,
			"rearWing": 0,
			"brakeDuct": [ 3, 2 ]
		},
		"drivetrain":
		{
			"preload": 7
		}
	},
	"trackBopType": 31
}