{
	"carName": "bmw_m4_gt3",
	"basicSetup":
	{
		"tyres":
		{
			"tyreCompound": 0,
			"tyrePressure": [ 50, 52, 59, 57 ]
		},
		"alignment":
		{
			"camber": [ 0, 0, 0, 0 ],
			"toe": [ 0, 0, 0, 0 ],
			"staticCamber": [ -4.1482443809509277, -4.1468977928161621, -2.8423051834106445, -2.8437848091125488 ],
			"toeOutLinear": [ 0.00046436081174761057, 0.00046436025877483189, 0.00016299128765240312, 0.00016301365394610912 ],
			"casterLF": 40,
			"casterRF": 40,
			"steerRatio": 0
		},
		"electronics":
		{
			"tC1": 6,
			"tC2": 0,
			"abs": 3,
			"eCUMap": 0,
			"fuelMix": 0,
			"telemetryLaps": 6
		},
		"strategy":
		{
			"fuel": 22,
			"nPitStops": 0,
			"tyreSet": 2,
			"frontBrakePadCompound": 0,
			"rearBrakePadCompound": 0,
			"pitStrategy": [
				{
					"fuelToAdd": 0,
					"tyres":
					{
						"tyreCompound": 0,
						"tyrePressure": [ 0, 0, 0, 0 ]
					},
					"tyreSet": 2,
					"frontBrakePadCompound": 0,
					"rearBrakePadCompound": 0
				}
			],
			"fuelPerLap": 3.5999999046325684
		}
	},
	"advancedSetup":
	{
		"mechanicalBalance":
		{
			"aRBFront": 4,
			"aRBRear": 1,
			"wheelRate": [ 3, 3, 3, 3 ],
			"bumpStopRateUp": [ 4, 4, 0, 0 ],
			"bumpStopRateDn": [ 0, 0, 10, 10 ],
			"bumpStopWindow": [ 8, 8, 15, 15 ],
			"brakeTorque": 20,
			"brakeBias": 6
		},
		"dampers":
		{
			"bumpSlow": [ 35, 35, 0, 0 ],
			"bumpFast": [ 40, 40, 49, 49 ],
			"reboundSlow": [ 40, 40, 32, 32 ],
			"reboundFast": [ 49, 49, 35, 35 ]
		},
		"aeroBalance":
		{
			"rideHeight": [ 0, 11, 16, 18 ],
			"rodLength": [ 20.832967758178711, 20.832967758178711, 8.4784259796142578, 8.4784259796142578 ],
			"splitter": 0,
			"rearWing": 8,
			"brakeDuct": [ 2, 3 ]
		},
		"drivetrain":
		{
			"preload": 6
		}
	},
	"trackBopType": 42
}