{"carName":"bmw_m4_gt3","basicSetup":{"tyres":{"tyreCompound":0,"tyrePressure":[55,53,58,58]},"alignment":{"camber":[0,0,0,0],"toe":[0,0,0,0],"staticCamber":[-4.143169403076172,-4.144498348236084,-2.720871686935425,-2.720872640609741],"toeOutLinear":[0.0004639659891836345,0.0004639734688680619,0.0001890819548862055,0.0001890768326120451],"casterLF":40,"casterRF":40,"steerRatio":5},"electronics":{"tC1":4,"tC2":0,"abs":3,"eCUMap":0,"fuelMix":0,"telemetryLaps":0},"strategy":{"fuel":0,"nPitStops":0,"tyreSet":6,"frontBrakePadCompound":0,"rearBrakePadCompound":0,"pitStrategy":[{"fuelToAdd":0,"tyres":{"tyreCompound":0,"tyrePressure":[48,46,51,51]},"tyreSet":2,"frontBrakePadCompound":1,"rearBrakePadCompound":1}],"fuelPerLap":3.599999904632568}},"advancedSetup":{"mechanicalBalance":{"aRBFront":8,"aRBRear":8,"wheelRate":[3,3,2,2],"bumpStopRateUp":[9,9,6,6],"bumpStopRateDn":[0,0,10,10],"bumpStopWindow":[16,16,16,16],"brakeTorque":20,"brakeBias":15},"dampers":{"bumpSlow":[15,15,12,12],"bumpFast":[11,11,11,11],"reboundSlow":[35,35,35,35],"reboundFast":[19,19,20,20]},"aeroBalance":{"rideHeight":[0,11,14,18],"rodLength":[20.56838417053223,20.56838417053223,8.428746223449707,8.428746223449707],"splitter":0,"rearWing":8,"brakeDuct":[4,4]},"drivetrain":{"preload":12}},"trackBopType":42}
