{"carName":"bmw_m4_gt3","basicSetup":{"tyres":{"tyreCompound":0,"tyrePressure":[53,54,57,59]},"alignment":{"camber":[2,2,2,2],"toe":[0,0,0,0],"staticCamber":[-3.999334335327148,-3.998664140701294,-3.074268341064453,-3.07276725769043],"toeOutLinear":[0.0004697752010542899,0.0004697752592619509,6.08248810749501e-05,6.081915853428654e-05],"casterLF":40,"casterRF":40,"steerRatio":5},"electronics":{"tC1":5,"tC2":0,"abs":3,"eCUMap":0,"fuelMix":0,"telemetryLaps":0},"strategy":{"fuel":45,"nPitStops":0,"tyreSet":1,"frontBrakePadCompound":0,"rearBrakePadCompound":0,"pitStrategy":[{"fuelToAdd":0,"tyres":{"tyreCompound":0,"tyrePressure":[42,51,45,54]},"tyreSet":2,"frontBrakePadCompound":1,"rearBrakePadCompound":1}],"fuelPerLap":3.340005159378052}},"advancedSetup":{"mechanicalBalance":{"aRBFront":6,"aRBRear":4,"wheelRate":[2,2,0,0],"bumpStopRateUp":[9,9,10,10],"bumpStopRateDn":[0,0,10,10],"bumpStopWindow":[10,10,19,19],"brakeTorque":20,"brakeBias":15},"dampers":{"bumpSlow":[30,30,25,25],"bumpFast":[21,21,21,21],"reboundSlow":[30,30,35,35],"reboundFast":[15,15,18,18]},"aeroBalance":{"rideHeight":[2,11,24,18],"rodLength":[24.77859687805176,24.77859687805176,27.66909408569336,27.66909408569336],"splitter":0,"rearWing":8,"brakeDuct":[4,4]},"drivetrain":{"preload":22}},"trackBopType":42}
