{"carName":"bmw_m4_gt3","basicSetup":{"tyres":{"tyreCompound":0,"tyrePressure":[54,54,57,59]},"alignment":{"camber":[0,0,2,2],"toe":[0,0,0,0],"staticCamber":[-4.198014736175537,-4.198013782501221,-3.057454586029053,-3.056004047393799],"toeOutLinear":[0.0004696691466961056,0.0004696740652434528,6.51312293484807e-05,6.512903200928122e-05],"casterLF":40,"casterRF":40,"steerRatio":5},"electronics":{"tC1":4,"tC2":0,"abs":3,"eCUMap":0,"fuelMix":0,"telemetryLaps":0},"strategy":{"fuel":0,"nPitStops":0,"tyreSet":6,"frontBrakePadCompound":0,"rearBrakePadCompound":0,"pitStrategy":[{"fuelToAdd":0,"tyres":{"tyreCompound":0,"tyrePressure":[42,51,45,54]},"tyreSet":2,"frontBrakePadCompound":1,"rearBrakePadCompound":1}],"fuelPerLap":3.599999904632568}},"advancedSetup":{"mechanicalBalance":{"aRBFront":6,"aRBRear":4,"wheelRate":[2,2,0,0],"bumpStopRateUp":[9,9,10,10],"bumpStopRateDn":[0,0,10,10],"bumpStopWindow":[10,10,17,17],"brakeTorque":20,"brakeBias":15},"dampers":{"bumpSlow":[30,30,25,25],"bumpFast":[21,21,21,21],"reboundSlow":[30,30,35,35],"reboundFast":[15,15,18,18]},"aeroBalance":{"rideHeight":[2,11,24,18],"rodLength":[24.47291374206543,24.47291374206543,25.90298271179199,25.90298271179199],"splitter":0,"rearWing":8,"brakeDuct":[4,4]},"drivetrain":{"preload":22}},"trackBopType":42}
