{"carName":"bmw_m4_gt3","basicSetup":{"tyres":{"tyreCompound":0,"tyrePressure":[54,54,57,57]},"alignment":{"camber":[0,0,0,0],"toe":[1,1,0,0],"staticCamber":[-4.168847560882568,-4.168848514556885,-3.210193634033203,-3.210192441940308],"toeOutLinear":[0.0004441898781806231,0.0004441968630999327,7.69190228311345e-05,7.692513463553041e-05],"casterLF":40,"casterRF":40,"steerRatio":5},"electronics":{"tC1":8,"tC2":0,"abs":3,"eCUMap":0,"fuelMix":0,"telemetryLaps":0},"strategy":{"fuel":0,"nPitStops":0,"tyreSet":6,"frontBrakePadCompound":0,"rearBrakePadCompound":0,"pitStrategy":[{"fuelToAdd":0,"tyres":{"tyreCompound":0,"tyrePressure":[42,51,45,54]},"tyreSet":2,"frontBrakePadCompound":1,"rearBrakePadCompound":1}],"fuelPerLap":3.599999904632568}},"advancedSetup":{"mechanicalBalance":{"aRBFront":5,"aRBRear":4,"wheelRate":[2,2,0,0],"bumpStopRateUp":[8,8,9,9],"bumpStopRateDn":[0,0,10,10],"bumpStopWindow":[10,10,20,20],"brakeTorque":20,"brakeBias":13},"dampers":{"bumpSlow":[31,31,25,25],"bumpFast":[15,15,16,16],"reboundSlow":[35,35,35,35],"reboundFast":[20,20,20,20]},"aeroBalance":{"rideHeight":[1,11,23,18],"rodLength":[23.47797393798828,23.47797393798828,25.05150604248047,25.05150604248047],"splitter":0,"rearWing":8,"brakeDuct":[3,2]},"drivetrain":{"preload":28}},"trackBopType":42}
