{
	"carName": "ferrari_488_gt3_evo",
	"basicSetup":
	{
		"tyres":
		{
			"tyreCompound": 0,
			"tyrePressure": [ 50, 60, 52, 58 ]
		},
		"alignment":
		{
			"camber": [ 0, 0, 0, 0 ],
			"toe": [ 0, 0, 0, 0 ],
			"staticCamber": [ -3.137021541595459, -3.1309998035430908, -2.3648345470428467, -2.3605284690856934 ],
			"toeOutLinear": [ 0.001980391563847661, 0.0019803883042186499, -0.0015147981466725469, -0.0015147530939429998 ],
			"casterLF": 52,
			"casterRF": 52,
			"steerRatio": 4
		},
		"electronics":
		{
			"tC1": 9,
			"tC2": 0,
			"abs": 5,
			"eCUMap": 0,
			"fuelMix": 0,
			"telemetryLaps": 0
		},
		"strategy":
		{
			"fuel": 60,
			"nPitStops": 0,
			"tyreSet": 0,
			"frontBrakePadCompound": 0,
			"rearBrakePadCompound": 0,
			"pitStrategy": [
				{
					"fuelToAdd": 0,
					"tyres":
					{
						"tyreCompound": 0,
						"tyrePressure": [ 51, 63, 53, 61 ]
					},
					"tyreSet": 2,
					"frontBrakePadCompound": 0,
					"rearBrakePadCompound": 0
				}
			],
			"fuelPerLap": 2.6099998950958252
		}
	},
	"advancedSetup":
	{
		"mechanicalBalance":
		{
			"aRBFront": 30,
			"aRBRear": 0,
			"wheelRate": [ 9, 9, 5, 5 ],
			"bumpStopRateUp": [ 7, 7, 2, 2 ],
			"bumpStopRateDn": [ 0, 0, 10, 10 ],
			"bumpStopWindow": [ 3, 3, 50, 50 ],
			"brakeTorque": 20,
			"brakeBias": 27
		},
		"dampers":
		{
			"bumpSlow": [ 8, 8, 3, 3 ],
			"bumpFast": [ 0, 0, 2, 2 ],
			"reboundSlow": [ 7, 7, 6, 6 ],
			"reboundFast": [ 2, 2, 3, 3 ]
		},
		"aeroBalance":
		{
			"rideHeight": [ 0, 6, 8, 18 ],
			"rodLength": [ -36.206779479980469, -36.206779479980469, -20.551971435546875, -20.551971435546875 ],
			"splitter": 0,
			"rearWing": 14,
			"brakeDuct": [ 4, 3 ]
		},
		"drivetrain":
		{
			"preload": 20
		}
	},
	"trackBopType": 36
}