{"carName":"audi_r8_lms_evo_ii","basicSetup":{"tyres":{"tyreCompound":0,"tyrePressure":[53,59,53,60]},"alignment":{"camber":[0,0,0,0],"toe":[10,10,24,24],"staticCamber":[-4.182934761047363,-4.179144859313965,-3.592584848403931,-3.587253093719482],"toeOutLinear":[0.0007910316926427186,0.000791019934695214,-0.0005354157765395939,-0.000535427185241133],"casterLF":15,"casterRF":15,"steerRatio":4},"electronics":{"tC1":1,"tC2":3,"abs":4,"eCUMap":0,"fuelMix":0,"telemetryLaps":0},"strategy":{"fuel":42,"nPitStops":0,"tyreSet":0,"frontBrakePadCompound":0,"rearBrakePadCompound":0,"pitStrategy":[{"fuelToAdd":35,"tyres":{"tyreCompound":0,"tyrePressure":[53,59,53,60]},"tyreSet":2,"frontBrakePadCompound":0,"rearBrakePadCompound":0}],"fuelPerLap":2.447902679443359}},"advancedSetup":{"mechanicalBalance":{"aRBFront":4,"aRBRear":2,"wheelRate":[1,1,0,0],"bumpStopRateUp":[0,0,0,0],"bumpStopRateDn":[0,0,10,10],"bumpStopWindow":[0,0,0,0],"brakeTorque":20,"brakeBias":25},"dampers":{"bumpSlow":[5,5,0,0],"bumpFast":[49,49,37,37],"reboundSlow":[24,24,24,24],"reboundFast":[49,49,37,37]},"aeroBalance":{"rideHeight":[0,6,18,18],"rodLength":[28.37642288208008,28.37642288208008,24.56880950927734,24.56880950927734],"splitter":0,"rearWing":5,"brakeDuct":[3,3]},"drivetrain":{"preload":1}},"trackBopType":46}
