{"carName":"audi_r8_lms_evo_ii","basicSetup":{"tyres":{"tyreCompound":0,"tyrePressure":[53,59,53,60]},"alignment":{"camber":[0,0,0,0],"toe":[10,10,24,24],"staticCamber":[-4.182095527648926,-4.178356647491455,-3.589399576187134,-3.584184408187866],"toeOutLinear":[0.0007899519405327737,0.0007899639313109219,-0.0005347782280296087,-0.0005347686819732189],"casterLF":15,"casterRF":15,"steerRatio":4},"electronics":{"tC1":1,"tC2":3,"abs":3,"eCUMap":0,"fuelMix":0,"telemetryLaps":0},"strategy":{"fuel":8,"nPitStops":0,"tyreSet":0,"frontBrakePadCompound":0,"rearBrakePadCompound":0,"pitStrategy":[{"fuelToAdd":0,"tyres":{"tyreCompound":0,"tyrePressure":[56,56,53,54]},"tyreSet":2,"frontBrakePadCompound":1,"rearBrakePadCompound":1}],"fuelPerLap":2.420000076293945}},"advancedSetup":{"mechanicalBalance":{"aRBFront":4,"aRBRear":2,"wheelRate":[1,1,0,0],"bumpStopRateUp":[0,0,0,0],"bumpStopRateDn":[0,0,10,10],"bumpStopWindow":[0,0,0,0],"brakeTorque":20,"brakeBias":25},"dampers":{"bumpSlow":[5,5,0,0],"bumpFast":[49,49,37,37],"reboundSlow":[24,24,24,24],"reboundFast":[49,49,37,37]},"aeroBalance":{"rideHeight":[0,6,18,18],"rodLength":[27.96850395202637,27.96850395202637,23.71569633483887,23.71569633483887],"splitter":0,"rearWing":5,"brakeDuct":[3,3]},"drivetrain":{"preload":1}},"trackBopType":46}
