{
	"carName": "ferrari_488_gt3_evo",
	"basicSetup":
	{
		"tyres":
		{
			"tyreCompound": 0,
			"tyrePressure": [ 53, 57, 55, 58 ]
		},
		"alignment":
		{
			"camber": [ 2, 2, 0, 0 ],
			"toe": [ 32, 32, 60, 60 ],
			"staticCamber": [ -2.9131534099578857, -2.9106152057647705, -2.3963985443115234, -2.3942537307739258 ],
			"toeOutLinear": [ 0.00081910897279158235, 0.00081910804146900773, -0.00018556824943516403, -0.00018555685528554022 ],
			"casterLF": 46,
			"casterRF": 46,
			"steerRatio": 4
		},
		"electronics":
		{
			"tC1": 9,
			"tC2": 0,
			"abs": 5,
			"eCUMap": 0,
			"fuelMix": 0,
			"telemetryLaps": 21
		},
		"strategy":
		{
			"fuel": 41,
			"nPitStops": 0,
			"tyreSet": 1,
			"frontBrakePadCompound": 0,
			"rearBrakePadCompound": 0,
			"pitStrategy": [
				{
					"fuelToAdd": 0,
					"tyres":
					{
						"tyreCompound": 0,
						"tyrePressure": [ 50, 54, 52, 55 ]
					},
					"tyreSet": 2,
					"frontBrakePadCompound": 1,
					"rearBrakePadCompound": 1
				}
			],
			"fuelPerLap": 3.5
		}
	},
	"advancedSetup":
	{
		"mechanicalBalance":
		{
			"aRBFront": 27,
			"aRBRear": 2,
			"wheelRate": [ 8, 8, 3, 3 ],
			"bumpStopRateUp": [ 5, 5, 2, 2 ],
			"bumpStopRateDn": [ 0, 0, 10, 10 ],
			"bumpStopWindow": [ 5, 5, 50, 50 ],
			"brakeTorque": 20,
			"brakeBias": 30
		},
		"dampers":
		{
			"bumpSlow": [ 6, 6, 3, 3 ],
			"bumpFast": [ 2, 2, 4, 4 ],
			"reboundSlow": [ 7, 7, 5, 5 ],
			"reboundFast": [ 6, 6, 8, 8 ]
		},
		"aeroBalance":
		{
			"rideHeight": [ 3, 6, 5, 18 ],
			"rodLength": [ -32.178810119628906, -32.178810119628906, -21.423044204711914, -21.423044204711914 ],
			"splitter": 0,
			"rearWing": 11,
			"brakeDuct": [ 3, 2 ]
		},
		"drivetrain":
		{
			"preload": 3
		}
	},
	"trackBopType": 53
}