{
	"carName": "ferrari_296_gt3",
	"basicSetup":
	{
		"tyres":
		{
			"tyreCompound": 0,
			"tyrePressure": [ 56, 59, 46, 47 ]
		},
		"alignment":
		{
			"camber": [ 2, 2, 2, 2 ],
			"toe": [ 25, 25, 45, 45 ],
			"staticCamber": [ -4.4946680068969727, -4.492856502532959, -4.9884824752807617, -4.9878048896789551 ],
			"toeOutLinear": [ -0.00019496919412631541, -0.00019496997992973775, 8.3295213698875159e-05, 8.3279330283403397e-05 ],
			"casterLF": 30,
			"casterRF": 30,
			"steerRatio": 2
		},
		"electronics":
		{
			"tC1": 7,
			"tC2": 0,
			"abs": 3,
			"eCUMap": 0,
			"fuelMix": 0,
			"telemetryLaps": 0
		},
		"strategy":
		{
			"fuel": 48,
			"nPitStops": 0,
			"tyreSet": 0,
			"frontBrakePadCompound": 0,
			"rearBrakePadCompound": 0,
			"pitStrategy": [
				{
					"fuelToAdd": 0,
					"tyres":
					{
						"tyreCompound": 0,
						"tyrePressure": [ 56, 59, 46, 47 ]
					},
					"tyreSet": 2,
					"frontBrakePadCompound": 1,
					"rearBrakePadCompound": 1
				}
			],
			"fuelPerLap": 2.524122953414917
		}
	},
	"advancedSetup":
	{
		"mechanicalBalance":
		{
			"aRBFront": 3,
			"aRBRear": 2,
			"wheelRate": [ 3, 3, 5, 5 ],
			"bumpStopRateUp": [ 3, 3, 5, 5 ],
			"bumpStopRateDn": [ 0, 0, 10, 10 ],
			"bumpStopWindow": [ 9, 9, 12, 12 ],
			"brakeTorque": 20,
			"brakeBias": 25
		},
		"dampers":
		{
			"bumpSlow": [ 8, 8, 6, 6 ],
			"bumpFast": [ 3, 3, 5, 5 ],
			"reboundSlow": [ 9, 9, 5, 5 ],
			"reboundFast": [ 5, 5, 4, 4 ]
		},
		"aeroBalance":
		{
			"rideHeight": [ 2, 6, 15, 18 ],
			"rodLength": [ 37.300178527832031, 37.300178527832031, 46.371421813964844, 46.371421813964844 ],
			"splitter": 0,
			"rearWing": 12,
			"brakeDuct": [ 3, 2 ]
		},
		"drivetrain":
		{
			"preload": 14
		}
	},
	"trackBopType": 34
}