{
	"carName": "ferrari_296_gt3",
	"basicSetup":
	{
		"tyres":
		{
			"tyreCompound": 0,
			"tyrePressure": [ 45, 50, 40, 45 ]
		},
		"alignment":
		{
			"camber": [ 0, 0, 3, 3 ],
			"toe": [ 20, 20, 42, 42 ],
			"staticCamber": [ -4.800654411315918, -4.7973613739013672, -4.4070572853088379, -4.403531551361084 ],
			"toeOutLinear": [ -0.00023735316062811762, -0.00023734827118460089, 2.5943165383068845e-05, 2.5933142751455307e-05 ],
			"casterLF": 24,
			"casterRF": 24,
			"steerRatio": 1
		},
		"electronics":
		{
			"tC1": 5,
			"tC2": 1,
			"abs": 2,
			"eCUMap": 2,
			"fuelMix": 0,
			"telemetryLaps": 0
		},
		"strategy":
		{
			"fuel": 37,
			"nPitStops": 0,
			"tyreSet": 0,
			"frontBrakePadCompound": 1,
			"rearBrakePadCompound": 1,
			"pitStrategy": [
				{
					"fuelToAdd": 0,
					"tyres":
					{
						"tyreCompound": 0,
						"tyrePressure": [ 45, 50, 40, 45 ]
					},
					"tyreSet": 2,
					"frontBrakePadCompound": 1,
					"rearBrakePadCompound": 1
				}
			],
			"fuelPerLap": 2.2999999523162842
		}
	},
	"advancedSetup":
	{
		"mechanicalBalance":
		{
			"aRBFront": 3,
			"aRBRear": 1,
			"wheelRate": [ 4, 4, 4, 4 ],
			"bumpStopRateUp": [ 2, 2, 5, 5 ],
			"bumpStopRateDn": [ 0, 0, 10, 10 ],
			"bumpStopWindow": [ 5, 5, 16, 16 ],
			"brakeTorque": 20,
			"brakeBias": 45
		},
		"dampers":
		{
			"bumpSlow": [ 8, 8, 5, 5 ],
			"bumpFast": [ 4, 4, 5, 5 ],
			"reboundSlow": [ 7, 7, 6, 6 ],
			"reboundFast": [ 5, 5, 7, 7 ]
		},
		"aeroBalance":
		{
			"rideHeight": [ 7, 6, 6, 18 ],
			"rodLength": [ 41.632133483886719, 41.632133483886719, 37.552600860595703, 37.552600860595703 ],
			"splitter": 0,
			"rearWing": 8,
			"brakeDuct": [ 4, 4 ]
		},
		"drivetrain":
		{
			"preload": 3
		}
	},
	"trackBopType": 36
}