{
	"carName": "ferrari_488_gt3_evo",
	"basicSetup":
	{
		"tyres":
		{
			"tyreCompound": 0,
			"tyrePressure": [ 46, 59, 49, 55 ]
		},
		"alignment":
		{
			"camber": [ 2, 2, 0, 0 ],
			"toe": [ 35, 35, 45, 45 ],
			"staticCamber": [ -2.884859561920166, -2.8767924308776855, -2.2171134948730469, -2.2128291130065918 ],
			"toeOutLinear": [ 0.00071867229416966438, 0.00071866792859509587, -0.00055950833484530449, -0.00055962143233045936 ],
			"casterLF": 46,
			"casterRF": 46,
			"steerRatio": 4
		},
		"electronics":
		{
			"tC1": 3,
			"tC2": 3,
			"abs": 6,
			"eCUMap": 2,
			"fuelMix": 0,
			"telemetryLaps": 0
		},
		"strategy":
		{
			"fuel": 18,
			"nPitStops": 0,
			"tyreSet": 0,
			"frontBrakePadCompound": 0,
			"rearBrakePadCompound": 0,
			"pitStrategy": [
				{
					"fuelToAdd": 0,
					"tyres":
					{
						"tyreCompound": 0,
						"tyrePressure": [ 46, 59, 49, 55 ]
					},
					"tyreSet": 2,
					"frontBrakePadCompound": 1,
					"rearBrakePadCompound": 1
				}
			],
			"fuelPerLap": 3
		}
	},
	"advancedSetup":
	{
		"mechanicalBalance":
		{
			"aRBFront": 30,
			"aRBRear": 1,
			"wheelRate": [ 9, 9, 1, 1 ],
			"bumpStopRateUp": [ 10, 10, 2, 2 ],
			"bumpStopRateDn": [ 0, 0, 10, 10 ],
			"bumpStopWindow": [ 1, 1, 50, 50 ],
			"brakeTorque": 20,
			"brakeBias": 32
		},
		"dampers":
		{
			"bumpSlow": [ 9, 9, 5, 5 ],
			"bumpFast": [ 3, 3, 4, 4 ],
			"reboundSlow": [ 5, 5, 5, 5 ],
			"reboundFast": [ 6, 6, 6, 6 ]
		},
		"aeroBalance":
		{
			"rideHeight": [ 2, 6, 0, 18 ],
			"rodLength": [ -34.356925964355469, -34.356925964355469, -22.99952507019043, -22.99952507019043 ],
			"splitter": 0,
			"rearWing": 2,
			"brakeDuct": [ 3, 2 ]
		},
		"drivetrain":
		{
			"preload": 23
		}
	},
	"trackBopType": 32
}