{
	"carName": "amr_v8_vantage_gt3",
	"basicSetup":
	{
		"tyres":
		{
			"tyreCompound": 0,
			"tyrePressure": [ 50, 53, 50, 50 ]
		},
		"alignment":
		{
			"camber": [ 2, 2, 3, 3 ],
			"toe": [ 30, 30, 50, 50 ],
			"staticCamber": [ -5.1334953308105469, -5.1314454078674316, -4.6679821014404297, -4.6679811477661133 ],
			"toeOutLinear": [ 0.00018700709915719926, 0.00018699945940170437, 0.0002880394458770752, 0.00028807480703108013 ],
			"casterLF": 3,
			"casterRF": 3,
			"steerRatio": 1
		},
		"electronics":
		{
			"tC1": 2,
			"tC2": 8,
			"abs": 4,
			"eCUMap": 0,
			"fuelMix": 0,
			"telemetryLaps": 10
		},
		"strategy":
		{
			"fuel": 16,
			"nPitStops": 0,
			"tyreSet": 0,
			"frontBrakePadCompound": 0,
			"rearBrakePadCompound": 0,
			"pitStrategy": [
				{
					"fuelToAdd": 0,
					"tyres":
					{
						"tyreCompound": 0,
						"tyrePressure": [ 50, 53, 50, 50 ]
					},
					"tyreSet": 2,
					"frontBrakePadCompound": 1,
					"rearBrakePadCompound": 1
				}
			],
			"fuelPerLap": 3.9000000953674316
		}
	},
	"advancedSetup":
	{
		"mechanicalBalance":
		{
			"aRBFront": 3,
			"aRBRear": 3,
			"wheelRate": [ 3, 3, 5, 5 ],
			"bumpStopRateUp": [ 5, 5, 4, 4 ],
			"bumpStopRateDn": [ 0, 0, 10, 10 ],
			"bumpStopWindow": [ 7, 7, 55, 55 ],
			"brakeTorque": 20,
			"brakeBias": 23
		},
		"dampers":
		{
			"bumpSlow": [ 22, 22, 12, 12 ],
			"bumpFast": [ 20, 20, 15, 15 ],
			"reboundSlow": [ 22, 22, 20, 20 ],
			"reboundFast": [ 25, 25, 20, 20 ]
		},
		"aeroBalance":
		{
			"rideHeight": [ 0, 6, 19, 18 ],
			"rodLength": [ 56.507106781005859, 56.507106781005859, 61.904544830322266, 61.904544830322266 ],
			"splitter": 0,
			"rearWing": 8,
			"brakeDuct": [ 4, 3 ]
		},
		"drivetrain":
		{
			"preload": 1
		}
	},
	"trackBopType": 33
}