{"carName":"bmw_m4_gt3","basicSetup":{"tyres":{"tyreCompound":0,"tyrePressure":[58,59,60,61]},"alignment":{"camber":[0,0,0,0],"toe":[0,0,0,0],"staticCamber":[-4.196777820587158,-4.196297645568848,-3.049453020095825,-3.04866361618042],"toeOutLinear":[0.0004694923700299114,0.000469486229121685,0.0001161838372354396,0.0001161703476100229],"casterLF":40,"casterRF":40,"steerRatio":5},"electronics":{"tC1":6,"tC2":0,"abs":3,"eCUMap":0,"fuelMix":0,"telemetryLaps":0},"strategy":{"fuel":0,"nPitStops":0,"tyreSet":14,"frontBrakePadCompound":0,"rearBrakePadCompound":0,"pitStrategy":[{"fuelToAdd":0,"tyres":{"tyreCompound":0,"tyrePressure":[42,51,45,54]},"tyreSet":2,"frontBrakePadCompound":1,"rearBrakePadCompound":1}],"fuelPerLap":3.299999952316284}},"advancedSetup":{"mechanicalBalance":{"aRBFront":5,"aRBRear":4,"wheelRate":[2,2,1,1],"bumpStopRateUp":[8,8,9,9],"bumpStopRateDn":[0,0,10,10],"bumpStopWindow":[10,10,16,16],"brakeTorque":20,"brakeBias":8},"dampers":{"bumpSlow":[35,35,30,30],"bumpFast":[16,16,17,17],"reboundSlow":[30,30,35,35],"reboundFast":[18,18,18,18]},"aeroBalance":{"rideHeight":[2,11,20,18],"rodLength":[24.31561660766602,24.31561660766602,17.50476837158203,17.50476837158203],"splitter":0,"rearWing":8,"brakeDuct":[3,3]},"drivetrain":{"preload":28}},"trackBopType":34}
