{
	"carName": "audi_r8_lms_evo_ii",
	"basicSetup":
	{
		"tyres":
		{
			"tyreCompound": 0,
			"tyrePressure": [ 50, 62, 48, 57 ]
		},
		"alignment":
		{
			"camber": [ 3, 3, 0, 0 ],
			"toe": [ 35, 35, 50, 50 ],
			"staticCamber": [ -3.8782176971435547, -3.8710007667541504, -3.2538769245147705, -3.2473647594451904 ],
			"toeOutLinear": [ 0.00031202170066535473, 0.0003119681787211448, 0.00036800774978473783, 0.00036800047382712364 ],
			"casterLF": 15,
			"casterRF": 15,
			"steerRatio": 4
		},
		"electronics":
		{
			"tC1": 4,
			"tC2": 8,
			"abs": 3,
			"eCUMap": 0,
			"fuelMix": 0,
			"telemetryLaps": 23
		},
		"strategy":
		{
			"fuel": 27,
			"nPitStops": 0,
			"tyreSet": 0,
			"frontBrakePadCompound": 0,
			"rearBrakePadCompound": 0,
			"pitStrategy": [
				{
					"fuelToAdd": 0,
					"tyres":
					{
						"tyreCompound": 0,
						"tyrePressure": [ 50, 62, 48, 57 ]
					},
					"tyreSet": 2,
					"frontBrakePadCompound": 1,
					"rearBrakePadCompound": 1
				}
			],
			"fuelPerLap": 3.1800000667572021
		}
	},
	"advancedSetup":
	{
		"mechanicalBalance":
		{
			"aRBFront": 3,
			"aRBRear": 0,
			"wheelRate": [ 3, 3, 4, 4 ],
			"bumpStopRateUp": [ 10, 10, 2, 2 ],
			"bumpStopRateDn": [ 0, 0, 10, 10 ],
			"bumpStopWindow": [ 0, 0, 70, 70 ],
			"brakeTorque": 20,
			"brakeBias": 34
		},
		"dampers":
		{
			"bumpSlow": [ 27, 27, 10, 10 ],
			"bumpFast": [ 30, 30, 30, 30 ],
			"reboundSlow": [ 27, 27, 10, 10 ],
			"reboundFast": [ 25, 25, 30, 30 ]
		},
		"aeroBalance":
		{
			"rideHeight": [ 6, 6, 6, 18 ],
			"rodLength": [ 29.728178024291992, 29.728178024291992, 5.0303440093994141, 5.0303440093994141 ],
			"splitter": 0,
			"rearWing": 2,
			"brakeDuct": [ 4, 3 ]
		},
		"drivetrain":
		{
			"preload": 8
		}
	},
	"trackBopType": 32
}