{
	"carName": "mclaren_720s_gt3",
	"basicSetup":
	{
		"tyres":
		{
			"tyreCompound": 0,
			"tyrePressure": [ 57, 55, 54, 53 ]
		},
		"alignment":
		{
			"camber": [ 0, 0, 0, 0 ],
			"toe": [ 39, 39, 25, 25 ],
			"staticCamber": [ -4.6108889579772949, -4.6120786666870117, -4.4728727340698242, -4.4735517501831055 ],
			"toeOutLinear": [ 0.0015956368297338486, 0.001595648005604744, 0.00053710408974438906, 0.0005370817962102592 ],
			"casterLF": 11,
			"casterRF": 11,
			"steerRatio": 2
		},
		"electronics":
		{
			"tC1": 4,
			"tC2": 6,
			"abs": 3,
			"eCUMap": 0,
			"fuelMix": 0,
			"telemetryLaps": 99
		},
		"strategy":
		{
			"fuel": 25,
			"nPitStops": 0,
			"tyreSet": 5,
			"frontBrakePadCompound": 0,
			"rearBrakePadCompound": 0,
			"pitStrategy": [
				{
					"fuelToAdd": 0,
					"tyres":
					{
						"tyreCompound": 0,
						"tyrePressure": [ 55, 52, 52, 50 ]
					},
					"tyreSet": 2,
					"frontBrakePadCompound": 1,
					"rearBrakePadCompound": 1
				}
			],
			"fuelPerLap": 3.0451717376708984
		}
	},
	"advancedSetup":
	{
		"mechanicalBalance":
		{
			"aRBFront": 4,
			"aRBRear": 6,
			"wheelRate": [ 4, 4, 4, 4 ],
			"bumpStopRateUp": [ 5, 5, 2, 2 ],
			"bumpStopRateDn": [ 0, 0, 10, 10 ],
			"bumpStopWindow": [ 1, 1, 50, 50 ],
			"brakeTorque": 20,
			"brakeBias": 40
		},
		"dampers":
		{
			"bumpSlow": [ 26, 26, 16, 17 ],
			"bumpFast": [ 18, 18, 23, 23 ],
			"reboundSlow": [ 12, 12, 20, 22 ],
			"reboundFast": [ 28, 28, 23, 23 ]
		},
		"aeroBalance":
		{
			"rideHeight": [ 3, 6, 12, 18 ],
			"rodLength": [ 58.062858581542969, 58.062858581542969, 41.448234558105469, 41.448234558105469 ],
			"splitter": 0,
			"rearWing": 7,
			"brakeDuct": [ 3, 2 ]
		},
		"drivetrain":
		{
			"preload": 2
		}
	},
	"trackBopType": 42
}