{
	"carName": "ferrari_296_gt3",
	"basicSetup":
	{
		"tyres":
		{
			"tyreCompound": 0,
			"tyrePressure": [ 58, 66, 51, 56 ]
		},
		"alignment":
		{
			"camber": [ 2, 2, 0, 0 ],
			"toe": [ 35, 35, 48, 48 ],
			"staticCamber": [ -4.5340347290039063, -4.5303750038146973, -4.3776435852050781, -4.3742465972900391 ],
			"toeOutLinear": [ -0.00049055414274334908, -0.00049055367708206177, 0.00027870977646671236, 0.00027870049234479666 ],
			"casterLF": 30,
			"casterRF": 30,
			"steerRatio": 1
		},
		"electronics":
		{
			"tC1": 7,
			"tC2": 0,
			"abs": 3,
			"eCUMap": 0,
			"fuelMix": 0,
			"telemetryLaps": 23
		},
		"strategy":
		{
			"fuel": 20,
			"nPitStops": 0,
			"tyreSet": 0,
			"frontBrakePadCompound": 0,
			"rearBrakePadCompound": 0,
			"pitStrategy": [
				{
					"fuelToAdd": 0,
					"tyres":
					{
						"tyreCompound": 0,
						"tyrePressure": [ 48, 57, 44, 51 ]
					},
					"tyreSet": 2,
					"frontBrakePadCompound": 1,
					"rearBrakePadCompound": 1
				}
			],
			"fuelPerLap": 3.0073144435882568
		}
	},
	"advancedSetup":
	{
		"mechanicalBalance":
		{
			"aRBFront": 4,
			"aRBRear": 1,
			"wheelRate": [ 4, 4, 1, 1 ],
			"bumpStopRateUp": [ 8, 8, 7, 7 ],
			"bumpStopRateDn": [ 0, 0, 10, 10 ],
			"bumpStopWindow": [ 1, 1, 25, 25 ],
			"brakeTorque": 20,
			"brakeBias": 32
		},
		"dampers":
		{
			"bumpSlow": [ 4, 4, 3, 3 ],
			"bumpFast": [ 2, 2, 3, 3 ],
			"reboundSlow": [ 4, 4, 6, 6 ],
			"reboundFast": [ 7, 7, 6, 6 ]
		},
		"aeroBalance":
		{
			"rideHeight": [ 5, 6, 0, 18 ],
			"rodLength": [ 39.077163696289063, 39.077163696289063, 33.748138427734375, 33.748138427734375 ],
			"splitter": 0,
			"rearWing": 4,
			"brakeDuct": [ 3, 2 ]
		},
		"drivetrain":
		{
			"preload": 0
		}
	},
	"trackBopType": 31
}