{"carName":"bmw_m4_gt3","basicSetup":{"tyres":{"tyreCompound":0,"tyrePressure":[58,59,60,61]},"alignment":{"camber":[1,1,2,2],"toe":[0,0,0,0],"staticCamber":[-4.126829147338867,-4.126342296600342,-2.756822347640991,-2.756000995635986],"toeOutLinear":[0.0004727536288555712,0.0004727540363091975,0.0001376864966005087,0.0001376841100864112],"casterLF":40,"casterRF":40,"steerRatio":5},"electronics":{"tC1":5,"tC2":0,"abs":3,"eCUMap":0,"fuelMix":0,"telemetryLaps":0},"strategy":{"fuel":45,"nPitStops":0,"tyreSet":1,"frontBrakePadCompound":0,"rearBrakePadCompound":0,"pitStrategy":[{"fuelToAdd":0,"tyres":{"tyreCompound":0,"tyrePressure":[42,51,45,54]},"tyreSet":2,"frontBrakePadCompound":1,"rearBrakePadCompound":1}],"fuelPerLap":3.299999952316284}},"advancedSetup":{"mechanicalBalance":{"aRBFront":6,"aRBRear":3,"wheelRate":[3,3,3,3],"bumpStopRateUp":[8,8,10,10],"bumpStopRateDn":[0,0,10,10],"bumpStopWindow":[10,10,16,16],"brakeTorque":20,"brakeBias":13},"dampers":{"bumpSlow":[36,36,25,25],"bumpFast":[16,16,19,19],"reboundSlow":[24,24,35,35],"reboundFast":[16,16,18,18]},"aeroBalance":{"rideHeight":[3,11,18,18],"rodLength":[23.95486068725586,23.95486068725586,11.08159160614014,11.08159160614014],"splitter":0,"rearWing":8,"brakeDuct":[4,4]},"drivetrain":{"preload":23}},"trackBopType":34}
