{"carName":"bmw_m4_gt3","basicSetup":{"tyres":{"tyreCompound":0,"tyrePressure":[59,60,61,61]},"alignment":{"camber":[0,0,1,1],"toe":[0,0,0,0],"staticCamber":[-4.1982102394104,-4.197728633880615,-2.730240821838379,-2.730240345001221],"toeOutLinear":[0.000469623104436323,0.0004696198157034814,0.0001657900284044445,0.0001657894317759201],"casterLF":40,"casterRF":40,"steerRatio":5},"electronics":{"tC1":4,"tC2":0,"abs":3,"eCUMap":0,"fuelMix":0,"telemetryLaps":0},"strategy":{"fuel":0,"nPitStops":0,"tyreSet":25,"frontBrakePadCompound":0,"rearBrakePadCompound":0,"pitStrategy":[{"fuelToAdd":0,"tyres":{"tyreCompound":0,"tyrePressure":[42,57,45,57]},"tyreSet":2,"frontBrakePadCompound":1,"rearBrakePadCompound":1}],"fuelPerLap":3.299999952316284}},"advancedSetup":{"mechanicalBalance":{"aRBFront":8,"aRBRear":5,"wheelRate":[4,4,1,1],"bumpStopRateUp":[8,8,8,8],"bumpStopRateDn":[0,0,10,10],"bumpStopWindow":[15,15,17,17],"brakeTorque":20,"brakeBias":7},"dampers":{"bumpSlow":[19,19,13,13],"bumpFast":[11,11,12,12],"reboundSlow":[35,35,35,35],"reboundFast":[17,17,18,18]},"aeroBalance":{"rideHeight":[2,11,16,18],"rodLength":[21.06643676757812,21.06643676757812,13.76820468902588,13.76820468902588],"splitter":0,"rearWing":8,"brakeDuct":[4,4]},"drivetrain":{"preload":10}},"trackBopType":34}
