{
	"carName": "mclaren_720s_gt3",
	"basicSetup":
	{
		"tyres":
		{
			"tyreCompound": 0,
			"tyrePressure": [ 54, 54, 48, 48 ]
		},
		"alignment":
		{
			"camber": [ 10, 10, 15, 15 ],
			"toe": [ 38, 38, 20, 20 ],
			"staticCamber": [ -4.6087288856506348, -4.6087155342102051, -4.0454344749450684, -4.0454330444335938 ],
			"toeOutLinear": [ 0.0015478741843253374, 0.0015478673158213496, 0.0003370857157278806, 0.00033708848059177399 ],
			"casterLF": 11,
			"casterRF": 11,
			"steerRatio": 2
		},
		"electronics":
		{
			"tC1": 1,
			"tC2": 6,
			"abs": 2,
			"eCUMap": 0,
			"fuelMix": 0,
			"telemetryLaps": 99
		},
		"strategy":
		{
			"fuel": 0,
			"nPitStops": 0,
			"tyreSet": 0,
			"frontBrakePadCompound": 0,
			"rearBrakePadCompound": 0,
			"pitStrategy": [
				{
					"fuelToAdd": 0,
					"tyres":
					{
						"tyreCompound": 0,
						"tyrePressure": [ 0, 0, 0, 0 ]
					},
					"tyreSet": 2,
					"frontBrakePadCompound": 0,
					"rearBrakePadCompound": 0
				}
			],
			"fuelPerLap": 3.4500000476837158
		}
	},
	"advancedSetup":
	{
		"mechanicalBalance":
		{
			"aRBFront": 10,
			"aRBRear": 8,
			"wheelRate": [ 5, 5, 5, 5 ],
			"bumpStopRateUp": [ 12, 12, 5, 5 ],
			"bumpStopRateDn": [ 0, 0, 10, 10 ],
			"bumpStopWindow": [ 3, 3, 0, 0 ],
			"brakeTorque": 20,
			"brakeBias": 35
		},
		"dampers":
		{
			"bumpSlow": [ 25, 25, 25, 25 ],
			"bumpFast": [ 31, 31, 23, 23 ],
			"reboundSlow": [ 9, 9, 20, 20 ],
			"reboundFast": [ 9, 9, 12, 12 ]
		},
		"aeroBalance":
		{
			"rideHeight": [ 0, 6, 0, 18 ],
			"rodLength": [ 54.495708465576172, 54.495708465576172, 28.647592544555664, 28.647592544555664 ],
			"splitter": 0,
			"rearWing": 4,
			"brakeDuct": [ 3, 4 ]
		},
		"drivetrain":
		{
			"preload": 4
		}
	},
	"trackBopType": 7
}