{"carName":"honda_nsx_gt3_evo","basicSetup":{"tyres":{"tyreCompound":0,"tyrePressure":[47,65,47,58]},"alignment":{"camber":[0,0,2,2],"toe":[10,10,15,15],"staticCamber":[-3.220096588134766,-3.209828853607178,-2.976791858673096,-2.968259811401367],"toeOutLinear":[0.001188892754726112,0.001188885071314871,-0.000300586863886565,-0.0003006357001140714],"casterLF":10,"casterRF":10,"steerRatio":3},"electronics":{"tC1":2,"tC2":11,"abs":4,"eCUMap":0,"fuelMix":0,"telemetryLaps":0},"strategy":{"fuel":118,"nPitStops":0,"tyreSet":2,"frontBrakePadCompound":0,"rearBrakePadCompound":0,"pitStrategy":[{"fuelToAdd":0,"tyres":{"tyreCompound":0,"tyrePressure":[45,60,49,57]},"tyreSet":2,"frontBrakePadCompound":1,"rearBrakePadCompound":1}],"fuelPerLap":2.849999904632568}},"advancedSetup":{"mechanicalBalance":{"aRBFront":4,"aRBRear":3,"wheelRate":[7,7,2,2],"bumpStopRateUp":[8,8,4,4],"bumpStopRateDn":[0,0,10,10],"bumpStopWindow":[8,8,20,20],"brakeTorque":20,"brakeBias":35},"dampers":{"bumpSlow":[2,2,2,2],"bumpFast":[15,15,15,15],"reboundSlow":[2,2,2,2],"reboundFast":[15,15,15,15]},"aeroBalance":{"rideHeight":[0,6,14,18],"rodLength":[-9.866389274597168,-9.866389274597168,7.037212371826172,7.037212371826172],"splitter":0,"rearWing":11,"brakeDuct":[4,4]},"drivetrain":{"preload":28}},"trackBopType":35}
