{"carName":"honda_nsx_gt3_evo","basicSetup":{"tyres":{"tyreCompound":0,"tyrePressure":[58,62,58,62]},"alignment":{"camber":[0,0,0,0],"toe":[0,0,0,0],"staticCamber":[-3.216856718063354,-3.215072154998779,-3.149977445602417,-3.14656138420105],"toeOutLinear":[0.001437751925550401,0.00143774738535285,-0.0007265396998263896,-0.0007265133899636567],"casterLF":10,"casterRF":10,"steerRatio":2},"electronics":{"tC1":1,"tC2":11,"abs":4,"eCUMap":0,"fuelMix":0,"telemetryLaps":0},"strategy":{"fuel":0,"nPitStops":0,"tyreSet":2,"frontBrakePadCompound":0,"rearBrakePadCompound":0,"pitStrategy":[{"fuelToAdd":0,"tyres":{"tyreCompound":0,"tyrePressure":[45,60,49,57]},"tyreSet":2,"frontBrakePadCompound":1,"rearBrakePadCompound":1}],"fuelPerLap":2.849999904632568}},"advancedSetup":{"mechanicalBalance":{"aRBFront":4,"aRBRear":3,"wheelRate":[6,6,3,3],"bumpStopRateUp":[8,8,4,4],"bumpStopRateDn":[0,0,10,10],"bumpStopWindow":[9,9,10,10],"brakeTorque":20,"brakeBias":30},"dampers":{"bumpSlow":[1,1,1,1],"bumpFast":[15,15,15,15],"reboundSlow":[1,1,1,1],"reboundFast":[15,15,15,15]},"aeroBalance":{"rideHeight":[0,6,14,18],"rodLength":[-10.36008167266846,-10.36008167266846,3.172074556350708,3.172074556350708],"splitter":0,"rearWing":11,"brakeDuct":[3,2]},"drivetrain":{"preload":28}},"trackBopType":35}
