{"carName":"honda_nsx_gt3_evo","basicSetup":{"tyres":{"tyreCompound":0,"tyrePressure":[47,63,49,58]},"alignment":{"camber":[0,0,0,0],"toe":[0,0,0,0],"staticCamber":[-3.229247331619263,-3.220081567764282,-3.16694164276123,-3.160303115844727],"toeOutLinear":[0.001433521159924567,0.001433514873497188,-0.0007447073003277183,-0.0007447668467648327],"casterLF":10,"casterRF":10,"steerRatio":3},"electronics":{"tC1":1,"tC2":11,"abs":4,"eCUMap":0,"fuelMix":0,"telemetryLaps":0},"strategy":{"fuel":46,"nPitStops":0,"tyreSet":1,"frontBrakePadCompound":0,"rearBrakePadCompound":0,"pitStrategy":[{"fuelToAdd":0,"tyres":{"tyreCompound":0,"tyrePressure":[45,60,49,57]},"tyreSet":2,"frontBrakePadCompound":1,"rearBrakePadCompound":1}],"fuelPerLap":2.849999904632568}},"advancedSetup":{"mechanicalBalance":{"aRBFront":4,"aRBRear":3,"wheelRate":[7,7,2,2],"bumpStopRateUp":[8,8,4,4],"bumpStopRateDn":[0,0,10,10],"bumpStopWindow":[8,8,20,20],"brakeTorque":20,"brakeBias":35},"dampers":{"bumpSlow":[2,2,2,2],"bumpFast":[15,15,15,15],"reboundSlow":[2,2,2,2],"reboundFast":[15,15,15,15]},"aeroBalance":{"rideHeight":[0,6,14,18],"rodLength":[-10.56280899047852,-10.56280899047852,5.272568702697754,5.272568702697754],"splitter":0,"rearWing":11,"brakeDuct":[3,3]},"drivetrain":{"preload":28}},"trackBopType":35}
