{"carName":"lamborghini_huracan_gt3_evo2","basicSetup":{"tyres":{"tyreCompound":0,"tyrePressure":[59,52,46,41]},"alignment":{"camber":[0,0,0,0],"toe":[0,0,0,0],"staticCamber":[-3.967031240463257,-3.971435546875,-2.937780380249023,-2.94143533706665],"toeOutLinear":[0.001392023637890816,0.001392037025652826,-0.001237496850080788,-0.001237487071193755],"casterLF":26,"casterRF":26,"steerRatio":0},"electronics":{"tC1":1,"tC2":0,"abs":3,"eCUMap":4,"fuelMix":0,"telemetryLaps":5},"strategy":{"fuel":10,"nPitStops":0,"tyreSet":12,"frontBrakePadCompound":0,"rearBrakePadCompound":0,"pitStrategy":[{"fuelToAdd":0,"tyres":{"tyreCompound":0,"tyrePressure":[62,60,61,59]},"tyreSet":2,"frontBrakePadCompound":1,"rearBrakePadCompound":1}],"fuelPerLap":2.825576782226562}},"advancedSetup":{"mechanicalBalance":{"aRBFront":4,"aRBRear":2,"wheelRate":[0,0,0,0],"bumpStopRateUp":[0,0,0,0],"bumpStopRateDn":[0,0,10,10],"bumpStopWindow":[31,31,16,16],"brakeTorque":20,"brakeBias":7},"dampers":{"bumpSlow":[14,14,11,11],"bumpFast":[24,24,27,27],"reboundSlow":[20,20,20,20],"reboundFast":[30,30,35,35]},"aeroBalance":{"rideHeight":[0,6,6,18],"rodLength":[0.5260385274887085,0.5260385274887085,10.1581974029541,10.1581974029541],"splitter":0,"rearWing":9,"brakeDuct":[3,2]},"drivetrain":{"preload":0}},"trackBopType":27}
