{"carName":"lamborghini_huracan_gt3_evo2","basicSetup":{"tyres":{"tyreCompound":0,"tyrePressure":[57,52,44,39]},"alignment":{"camber":[0,0,0,0],"toe":[10,10,20,20],"staticCamber":[-3.948728322982788,-3.952099323272705,-2.941958904266357,-2.945860624313354],"toeOutLinear":[0.001168363378383219,0.001168397022411227,-0.0006178347393870354,-0.0006178439944051206],"casterLF":26,"casterRF":26,"steerRatio":0},"electronics":{"tC1":1,"tC2":0,"abs":3,"eCUMap":4,"fuelMix":0,"telemetryLaps":5},"strategy":{"fuel":98,"nPitStops":0,"tyreSet":24,"frontBrakePadCompound":0,"rearBrakePadCompound":0,"pitStrategy":[{"fuelToAdd":0,"tyres":{"tyreCompound":0,"tyrePressure":[57,52,44,39]},"tyreSet":2,"frontBrakePadCompound":0,"rearBrakePadCompound":0}],"fuelPerLap":2.615646362304688}},"advancedSetup":{"mechanicalBalance":{"aRBFront":4,"aRBRear":2,"wheelRate":[0,0,0,0],"bumpStopRateUp":[0,0,0,0],"bumpStopRateDn":[0,0,10,10],"bumpStopWindow":[31,31,16,16],"brakeTorque":20,"brakeBias":10},"dampers":{"bumpSlow":[14,14,11,11],"bumpFast":[24,24,27,27],"reboundSlow":[20,20,20,20],"reboundFast":[30,30,35,35]},"aeroBalance":{"rideHeight":[0,6,6,18],"rodLength":[1.511336445808411,1.511336445808411,12.69625377655029,12.69625377655029],"splitter":0,"rearWing":8,"brakeDuct":[3,3]},"drivetrain":{"preload":0}},"trackBopType":27}
