{
	"carName": "mercedes_amg_gt3_evo",
	"basicSetup":
	{
		"tyres":
		{
			"tyreCompound": 0,
			"tyrePressure": [ 51, 63, 55, 62 ]
		},
		"alignment":
		{
			"camber": [ 5, 5, 5, 5 ],
			"toe": [ 30, 30, 50, 50 ],
			"staticCamber": [ -2.8641502857208252, -2.8570728302001953, -3.6079959869384766, -3.60276198387146 ],
			"toeOutLinear": [ -0.00029407345573417842, -0.00029405677923932672, 0.00012654613237828016, 0.00012676663754973561 ],
			"casterLF": 33,
			"casterRF": 33,
			"steerRatio": 3
		},
		"electronics":
		{
			"tC1": 1,
			"tC2": 0,
			"abs": 2,
			"eCUMap": 0,
			"fuelMix": 0,
			"telemetryLaps": 99
		},
		"strategy":
		{
			"fuel": 10,
			"nPitStops": 0,
			"tyreSet": 4,
			"frontBrakePadCompound": 0,
			"rearBrakePadCompound": 0,
			"pitStrategy": [
				{
					"fuelToAdd": 0,
					"tyres":
					{
						"tyreCompound": 0,
						"tyrePressure": [ 49, 62, 51, 59 ]
					},
					"tyreSet": 2,
					"frontBrakePadCompound": 1,
					"rearBrakePadCompound": 1
				}
			],
			"fuelPerLap": 2.2178950309753418
		}
	},
	"advancedSetup":
	{
		"mechanicalBalance":
		{
			"aRBFront": 7,
			"aRBRear": 3,
			"wheelRate": [ 3, 3, 4, 4 ],
			"bumpStopRateUp": [ 4, 4, 3, 3 ],
			"bumpStopRateDn": [ 0, 0, 10, 10 ],
			"bumpStopWindow": [ 25, 25, 50, 50 ],
			"brakeTorque": 20,
			"brakeBias": 37
		},
		"dampers":
		{
			"bumpSlow": [ 5, 5, 5, 5 ],
			"bumpFast": [ 4, 4, 2, 2 ],
			"reboundSlow": [ 7, 7, 7, 7 ],
			"reboundFast": [ 6, 6, 6, 6 ]
		},
		"aeroBalance":
		{
			"rideHeight": [ 0, 6, 0, 18 ],
			"rodLength": [ 4.5608925819396973, 4.5608925819396973, 58.856678009033203, 58.856678009033203 ],
			"splitter": 4,
			"rearWing": 4,
			"brakeDuct": [ 4, 4 ]
		},
		"drivetrain":
		{
			"preload": 1
		}
	},
	"trackBopType": 36
}