{
	"carName": "honda_nsx_gt3_evo",
	"basicSetup":
	{
		"tyres":
		{
			"tyreCompound": 0,
			"tyrePressure": [ 55, 65, 52, 58 ]
		},
		"alignment":
		{
			"camber": [ 0, 0, 0, 0 ],
			"toe": [ 0, 0, 20, 20 ],
			"staticCamber": [ -3.2255892753601074, -3.2205204963684082, -3.3016674518585205, -3.2972226142883301 ],
			"toeOutLinear": [ 0.0014340211637318134, 0.0014340069610625505, -0.00031108097755350173, -0.00031110618147067726 ],
			"casterLF": 10,
			"casterRF": 10,
			"steerRatio": 5
		},
		"electronics":
		{
			"tC1": 1,
			"tC2": 10,
			"abs": 6,
			"eCUMap": 2,
			"fuelMix": 0,
			"telemetryLaps": 7
		},
		"strategy":
		{
			"fuel": 43,
			"nPitStops": 1,
			"tyreSet": 9,
			"frontBrakePadCompound": 0,
			"rearBrakePadCompound": 0,
			"pitStrategy": [
				{
					"fuelToAdd": 45,
					"tyres":
					{
						"tyreCompound": 0,
						"tyrePressure": [ 55, 65, 52, 58 ]
					},
					"tyreSet": 2,
					"frontBrakePadCompound": 0,
					"rearBrakePadCompound": 0
				},
				{
					"fuelToAdd": 45,
					"tyres":
					{
						"tyreCompound": 1,
						"tyrePressure": [ 55, 65, 52, 58 ]
					},
					"tyreSet": 2,
					"frontBrakePadCompound": 0,
					"rearBrakePadCompound": 0
				}
			],
			"fuelPerLap": 3.0233213901519775
		}
	},
	"advancedSetup":
	{
		"mechanicalBalance":
		{
			"aRBFront": 0,
			"aRBRear": 0,
			"wheelRate": [ 3, 3, 0, 0 ],
			"bumpStopRateUp": [ 8, 8, 0, 0 ],
			"bumpStopRateDn": [ 0, 0, 10, 10 ],
			"bumpStopWindow": [ 0, 0, 0, 0 ],
			"brakeTorque": 20,
			"brakeBias": 30
		},
		"dampers":
		{
			"bumpSlow": [ 7, 7, 0, 0 ],
			"bumpFast": [ 0, 0, 11, 11 ],
			"reboundSlow": [ 12, 12, 11, 11 ],
			"reboundFast": [ 15, 15, 15, 15 ]
		},
		"aeroBalance":
		{
			"rideHeight": [ 0, 6, 18, 18 ],
			"rodLength": [ -6.3280491828918457, -6.3280491828918457, 11.463566780090332, 11.463566780090332 ],
			"splitter": 0,
			"rearWing": 10,
			"brakeDuct": [ 4, 4 ]
		},
		"drivetrain":
		{
			"preload": 0
		}
	},
	"trackBopType": 52
}