{
	"carName": "porsche_992_gt3_r",
	"basicSetup":
	{
		"tyres":
		{
			"tyreCompound": 0,
			"tyrePressure": [ 58, 54, 46, 42 ]
		},
		"alignment":
		{
			"camber": [ 0, 0, 0, 0 ],
			"toe": [ 0, 0, 22, 22 ],
			"staticCamber": [ -4.6403679847717285, -4.6427059173583984, 0.69428092241287231, 0.69118314981460571 ],
			"toeOutLinear": [ 0.00095623382367193699, 0.00095623952802270651, -0.0060203336179256439, -0.006020362488925457 ],
			"casterLF": 30,
			"casterRF": 30,
			"steerRatio": 4
		},
		"electronics":
		{
			"tC1": 4,
			"tC2": 0,
			"abs": 3,
			"eCUMap": 7,
			"fuelMix": 0,
			"telemetryLaps": 5
		},
		"strategy":
		{
			"fuel": 12,
			"nPitStops": 0,
			"tyreSet": 3,
			"frontBrakePadCompound": 0,
			"rearBrakePadCompound": 0,
			"pitStrategy": [
				{
					"fuelToAdd": 0,
					"tyres":
					{
						"tyreCompound": 0,
						"tyrePressure": [ 47, 56, 40, 46 ]
					},
					"tyreSet": 2,
					"frontBrakePadCompound": 1,
					"rearBrakePadCompound": 1
				}
			],
			"fuelPerLap": 3.4916138648986816
		}
	},
	"advancedSetup":
	{
		"mechanicalBalance":
		{
			"aRBFront": 1,
			"aRBRear": 0,
			"wheelRate": [ 1, 1, 0, 0 ],
			"bumpStopRateUp": [ 0, 0, 0, 0 ],
			"bumpStopRateDn": [ 0, 0, 10, 10 ],
			"bumpStopWindow": [ 35, 35, 9, 9 ],
			"brakeTorque": 20,
			"brakeBias": 31
		},
		"dampers":
		{
			"bumpSlow": [ 0, 0, 0, 0 ],
			"bumpFast": [ 0, 0, 0, 0 ],
			"reboundSlow": [ 17, 17, 17, 17 ],
			"reboundFast": [ 12, 12, 12, 12 ]
		},
		"aeroBalance":
		{
			"rideHeight": [ 0, 11, 6, 18 ],
			"rodLength": [ 35.931266784667969, 35.931266784667969, -67.164382934570313, -67.164382934570313 ],
			"splitter": 0,
			"rearWing": 8,
			"brakeDuct": [ 3, 3 ]
		},
		"drivetrain":
		{
			"preload": 0
		}
	},
	"trackBopType": 39
}