{"carName":"audi_r8_lms_evo_ii","basicSetup":{"tyres":{"tyreCompound":0,"tyrePressure":[56,57,52,53]},"alignment":{"camber":[0,0,0,0],"toe":[0,0,0,0],"staticCamber":[-4.181817531585693,-4.181160926818848,-3.588802099227905,-3.588090181350708],"toeOutLinear":[0.0009703313698992133,0.0009703543037176132,-0.001313659944571555,-0.001313660992309451],"casterLF":8,"casterRF":8,"steerRatio":4},"electronics":{"tC1":1,"tC2":0,"abs":3,"eCUMap":0,"fuelMix":0,"telemetryLaps":6},"strategy":{"fuel":10,"nPitStops":0,"tyreSet":5,"frontBrakePadCompound":0,"rearBrakePadCompound":0,"pitStrategy":[{"fuelToAdd":0,"tyres":{"tyreCompound":0,"tyrePressure":[56,56,53,54]},"tyreSet":2,"frontBrakePadCompound":1,"rearBrakePadCompound":1}],"fuelPerLap":3.993034601211548}},"advancedSetup":{"mechanicalBalance":{"aRBFront":4,"aRBRear":1,"wheelRate":[2,2,1,1],"bumpStopRateUp":[10,10,10,10],"bumpStopRateDn":[0,0,10,10],"bumpStopWindow":[14,14,27,27],"brakeTorque":20,"brakeBias":25},"dampers":{"bumpSlow":[26,26,15,15],"bumpFast":[49,40,45,45],"reboundSlow":[29,29,33,33],"reboundFast":[49,40,45,45]},"aeroBalance":{"rideHeight":[0,6,13,18],"rodLength":[25.57563209533691,25.57563209533691,15.78391456604004,15.78391456604004],"splitter":0,"rearWing":4,"brakeDuct":[3,2]},"drivetrain":{"preload":7}},"trackBopType":33}
