{"carName":"audi_r8_lms_evo_ii","basicSetup":{"tyres":{"tyreCompound":0,"tyrePressure":[56,57,51,52]},"alignment":{"camber":[0,0,0,0],"toe":[0,0,2,2],"staticCamber":[-4.18400764465332,-4.183316230773926,-3.57197093963623,-3.571208477020264],"toeOutLinear":[0.000972872890997678,0.0009729097364470363,-0.001245998893864453,-0.001245999126695096],"casterLF":8,"casterRF":8,"steerRatio":4},"electronics":{"tC1":1,"tC2":0,"abs":3,"eCUMap":0,"fuelMix":0,"telemetryLaps":6},"strategy":{"fuel":108,"nPitStops":0,"tyreSet":7,"frontBrakePadCompound":0,"rearBrakePadCompound":0,"pitStrategy":[{"fuelToAdd":0,"tyres":{"tyreCompound":0,"tyrePressure":[56,56,53,54]},"tyreSet":2,"frontBrakePadCompound":1,"rearBrakePadCompound":1}],"fuelPerLap":4.035369873046875}},"advancedSetup":{"mechanicalBalance":{"aRBFront":4,"aRBRear":0,"wheelRate":[2,2,1,1],"bumpStopRateUp":[10,10,10,10],"bumpStopRateDn":[0,0,10,10],"bumpStopWindow":[14,14,27,27],"brakeTorque":20,"brakeBias":25},"dampers":{"bumpSlow":[26,26,15,15],"bumpFast":[49,40,45,45],"reboundSlow":[29,29,33,33],"reboundFast":[49,40,45,45]},"aeroBalance":{"rideHeight":[0,6,12,18],"rodLength":[26.61186408996582,26.61186408996582,16.9846248626709,16.9846248626709],"splitter":0,"rearWing":4,"brakeDuct":[3,2]},"drivetrain":{"preload":7}},"trackBopType":33}
