{"carName":"porsche_992_gt3_r","basicSetup":{"tyres":{"tyreCompound":0,"tyrePressure":[55,50,50,45]},"alignment":{"camber":[3,3,5,5],"toe":[35,35,51,51],"staticCamber":[-4.410715103149414,-4.415434837341309,1.060663819313049,1.055258631706238],"toeOutLinear":[3.645616016001441e-05,3.646657569333911e-05,-0.007239432539790869,-0.007239439990371466],"casterLF":26,"casterRF":26,"steerRatio":6},"electronics":{"tC1":3,"tC2":0,"abs":3,"eCUMap":7,"fuelMix":0,"telemetryLaps":5},"strategy":{"fuel":99,"nPitStops":0,"tyreSet":13,"frontBrakePadCompound":0,"rearBrakePadCompound":0,"pitStrategy":[{"fuelToAdd":0,"tyres":{"tyreCompound":0,"tyrePressure":[56,57,50,51]},"tyreSet":2,"frontBrakePadCompound":1,"rearBrakePadCompound":1}],"fuelPerLap":2.744031190872192}},"advancedSetup":{"mechanicalBalance":{"aRBFront":4,"aRBRear":2,"wheelRate":[6,6,5,5],"bumpStopRateUp":[20,20,17,17],"bumpStopRateDn":[0,0,10,10],"bumpStopWindow":[16,16,14,14],"brakeTorque":20,"brakeBias":27},"dampers":{"bumpSlow":[10,10,8,8],"bumpFast":[11,11,11,11],"reboundSlow":[11,11,11,11],"reboundFast":[10,10,9,9]},"aeroBalance":{"rideHeight":[4,11,9,18],"rodLength":[38.07194519042969,38.07194519042969,-69.73796081542969,-69.73796081542969],"splitter":0,"rearWing":10,"brakeDuct":[3,5]},"drivetrain":{"preload":8}},"trackBopType":27}
