{"carName":"porsche_992_gt3_r","basicSetup":{"tyres":{"tyreCompound":0,"tyrePressure":[57,52,49,44]},"alignment":{"camber":[1,1,3,3],"toe":[28,28,49,49],"staticCamber":[-4.607938289642334,-4.610846996307373,0.9211543202400208,0.9173567295074463],"toeOutLinear":[0.000221881564357318,0.0002218766894657165,-0.007164753973484039,-0.007164798211306334],"casterLF":28,"casterRF":28,"steerRatio":6},"electronics":{"tC1":3,"tC2":0,"abs":3,"eCUMap":7,"fuelMix":0,"telemetryLaps":5},"strategy":{"fuel":12,"nPitStops":0,"tyreSet":13,"frontBrakePadCompound":0,"rearBrakePadCompound":0,"pitStrategy":[{"fuelToAdd":0,"tyres":{"tyreCompound":0,"tyrePressure":[56,57,50,51]},"tyreSet":2,"frontBrakePadCompound":1,"rearBrakePadCompound":1}],"fuelPerLap":2.711862564086914}},"advancedSetup":{"mechanicalBalance":{"aRBFront":3,"aRBRear":1,"wheelRate":[6,6,5,5],"bumpStopRateUp":[20,20,17,17],"bumpStopRateDn":[0,0,10,10],"bumpStopWindow":[17,17,14,14],"brakeTorque":20,"brakeBias":27},"dampers":{"bumpSlow":[10,10,8,8],"bumpFast":[11,11,11,11],"reboundSlow":[11,11,11,11],"reboundFast":[10,10,9,9]},"aeroBalance":{"rideHeight":[4,11,8,18],"rodLength":[35.31961822509766,35.31961822509766,-70.92721557617188,-70.92721557617188],"splitter":0,"rearWing":10,"brakeDuct":[3,5]},"drivetrain":{"preload":4}},"trackBopType":27}
