{
	"carName": "ferrari_488_gt3_evo",
	"basicSetup":
	{
		"tyres":
		{
			"tyreCompound": 0,
			"tyrePressure": [ 61, 59, 55, 53 ]
		},
		"alignment":
		{
			"camber": [ 0, 0, 0, 0 ],
			"toe": [ 35, 35, 20, 20 ],
			"staticCamber": [ -3.127608060836792, -3.1285271644592285, -2.6570758819580078, -2.6585171222686768 ],
			"toeOutLinear": [ 0.00070903106825426221, 0.00070903950836509466, -0.00097101484425365925, -0.00097095797536894679 ],
			"casterLF": 46,
			"casterRF": 46,
			"steerRatio": 6
		},
		"electronics":
		{
			"tC1": 9,
			"tC2": 0,
			"abs": 5,
			"eCUMap": 0,
			"fuelMix": 0,
			"telemetryLaps": 19
		},
		"strategy":
		{
			"fuel": 42,
			"nPitStops": 0,
			"tyreSet": 3,
			"frontBrakePadCompound": 0,
			"rearBrakePadCompound": 0,
			"pitStrategy": [
				{
					"fuelToAdd": 0,
					"tyres":
					{
						"tyreCompound": 0,
						"tyrePressure": [ 54, 54, 51, 51 ]
					},
					"tyreSet": 2,
					"frontBrakePadCompound": 1,
					"rearBrakePadCompound": 1
				}
			],
			"fuelPerLap": 3.4374313354492188
		}
	},
	"advancedSetup":
	{
		"mechanicalBalance":
		{
			"aRBFront": 38,
			"aRBRear": 16,
			"wheelRate": [ 8, 8, 3, 3 ],
			"bumpStopRateUp": [ 6, 6, 2, 2 ],
			"bumpStopRateDn": [ 0, 0, 10, 10 ],
			"bumpStopWindow": [ 4, 4, 50, 50 ],
			"brakeTorque": 20,
			"brakeBias": 31
		},
		"dampers":
		{
			"bumpSlow": [ 8, 8, 6, 6 ],
			"bumpFast": [ 2, 2, 3, 3 ],
			"reboundSlow": [ 4, 4, 3, 3 ],
			"reboundFast": [ 4, 4, 4, 4 ]
		},
		"aeroBalance":
		{
			"rideHeight": [ 4, 6, 17, 18 ],
			"rodLength": [ -31.104692459106445, -31.104692459106445, -9.384882926940918, -9.384882926940918 ],
			"splitter": 0,
			"rearWing": 10,
			"brakeDuct": [ 3, 2 ]
		},
		"drivetrain":
		{
			"preload": 10
		}
	},
	"trackBopType": 39
}