{
	"carName": "ferrari_488_gt3_evo",
	"basicSetup":
	{
		"tyres":
		{
			"tyreCompound": 0,
			"tyrePressure": [ 59, 55, 59, 57 ]
		},
		"alignment":
		{
			"camber": [ 4, 4, 3, 3 ],
			"toe": [ 20, 20, 60, 60 ],
			"staticCamber": [ -2.7832646369934082, -2.7856607437133789, -2.0853972434997559, -2.0871565341949463 ],
			"toeOutLinear": [ 0.001229418907314539, 0.0012294200714677572, -0.00018790889589581639, -0.00018787014414556324 ],
			"casterLF": 46,
			"casterRF": 46,
			"steerRatio": 4
		},
		"electronics":
		{
			"tC1": 3,
			"tC2": 3,
			"abs": 4,
			"eCUMap": 4,
			"fuelMix": 0,
			"telemetryLaps": 18
		},
		"strategy":
		{
			"fuel": 34,
			"nPitStops": 0,
			"tyreSet": 1,
			"frontBrakePadCompound": 0,
			"rearBrakePadCompound": 0,
			"pitStrategy": [
				{
					"fuelToAdd": 0,
					"tyres":
					{
						"tyreCompound": 0,
						"tyrePressure": [ 51, 51, 52, 52 ]
					},
					"tyreSet": 2,
					"frontBrakePadCompound": 0,
					"rearBrakePadCompound": 0
				}
			],
			"fuelPerLap": 2.1500000953674316
		}
	},
	"advancedSetup":
	{
		"mechanicalBalance":
		{
			"aRBFront": 27,
			"aRBRear": 1,
			"wheelRate": [ 8, 8, 3, 3 ],
			"bumpStopRateUp": [ 7, 7, 2, 2 ],
			"bumpStopRateDn": [ 0, 0, 10, 10 ],
			"bumpStopWindow": [ 0, 0, 50, 50 ],
			"brakeTorque": 20,
			"brakeBias": 62
		},
		"dampers":
		{
			"bumpSlow": [ 8, 8, 6, 6 ],
			"bumpFast": [ 2, 2, 3, 3 ],
			"reboundSlow": [ 4, 4, 3, 3 ],
			"reboundFast": [ 4, 4, 4, 4 ]
		},
		"aeroBalance":
		{
			"rideHeight": [ 5, 6, 5, 18 ],
			"rodLength": [ -30.683549880981445, -30.683549880981445, -21.014894485473633, -21.014894485473633 ],
			"splitter": 0,
			"rearWing": 12,
			"brakeDuct": [ 4, 3 ]
		},
		"drivetrain":
		{
			"preload": 15
		}
	},
	"trackBopType": 43
}