{
	"carName": "honda_nsx_gt3_evo",
	"basicSetup":
	{
		"tyres":
		{
			"tyreCompound": 0,
			"tyrePressure": [ 53, 54, 51, 53 ]
		},
		"alignment":
		{
			"camber": [ 0, 0, 0, 0 ],
			"toe": [ 30, 30, 0, 0 ],
			"staticCamber": [ -3.2282516956329346, -3.2155494689941406, -3.234929084777832, -3.2334492206573486 ],
			"toeOutLinear": [ 0.00069049396552145481, 0.00068369368091225624, -0.00083132553845643997, -0.00083161931252107024 ],
			"casterLF": 10,
			"casterRF": 10,
			"steerRatio": 3
		},
		"electronics":
		{
			"tC1": 1,
			"tC2": 11,
			"abs": 4,
			"eCUMap": 1,
			"fuelMix": 0,
			"telemetryLaps": 0
		},
		"strategy":
		{
			"fuel": 48,
			"nPitStops": 0,
			"tyreSet": 3,
			"frontBrakePadCompound": 0,
			"rearBrakePadCompound": 0,
			"pitStrategy": [
				{
					"fuelToAdd": 0,
					"tyres":
					{
						"tyreCompound": 0,
						"tyrePressure": [ 55, 55, 48, 48 ]
					},
					"tyreSet": 2,
					"frontBrakePadCompound": 1,
					"rearBrakePadCompound": 1
				}
			],
			"fuelPerLap": 4.0999999046325684
		}
	},
	"advancedSetup":
	{
		"mechanicalBalance":
		{
			"aRBFront": 5,
			"aRBRear": 4,
			"wheelRate": [ 4, 5, 5, 5 ],
			"bumpStopRateUp": [ 1, 1, 2, 2 ],
			"bumpStopRateDn": [ 0, 0, 10, 10 ],
			"bumpStopWindow": [ 2, 2, 15, 15 ],
			"brakeTorque": 20,
			"brakeBias": 32
		},
		"dampers":
		{
			"bumpSlow": [ 8, 8, 8, 8 ],
			"bumpFast": [ 8, 8, 8, 8 ],
			"reboundSlow": [ 8, 8, 8, 8 ],
			"reboundFast": [ 8, 8, 8, 8 ]
		},
		"aeroBalance":
		{
			"rideHeight": [ 1, 6, 16, 18 ],
			"rodLength": [ -7.1755027770996094, -7.1755027770996094, 5.0734348297119141, 5.0734348297119141 ],
			"splitter": 0,
			"rearWing": 7,
			"brakeDuct": [ 4, 3 ]
		},
		"drivetrain":
		{
			"preload": 21
		}
	},
	"trackBopType": 33
}