{
	"carName": "ferrari_488_gt3_evo",
	"basicSetup":
	{
		"tyres":
		{
			"tyreCompound": 0,
			"tyrePressure": [ 52, 53, 50, 52 ]
		},
		"alignment":
		{
			"camber": [ 0, 0, 0, 0 ],
			"toe": [ 0, 0, 0, 0 ],
			"staticCamber": [ -3.134472131729126, -3.1338112354278564, -2.5645928382873535, -2.5631229877471924 ],
			"toeOutLinear": [ 0.0019800800364464521, 0.0019800795707851648, -0.0014440681552514434, -0.0014441101811826229 ],
			"casterLF": 52,
			"casterRF": 52,
			"steerRatio": 4
		},
		"electronics":
		{
			"tC1": 9,
			"tC2": 0,
			"abs": 5,
			"eCUMap": 0,
			"fuelMix": 0,
			"telemetryLaps": 10
		},
		"strategy":
		{
			"fuel": 46,
			"nPitStops": 0,
			"tyreSet": 0,
			"frontBrakePadCompound": 0,
			"rearBrakePadCompound": 0,
			"pitStrategy": [
				{
					"fuelToAdd": 0,
					"tyres":
					{
						"tyreCompound": 0,
						"tyrePressure": [ 0, 0, 0, 0 ]
					},
					"tyreSet": 2,
					"frontBrakePadCompound": 0,
					"rearBrakePadCompound": 0
				}
			],
			"fuelPerLap": 3.25
		}
	},
	"advancedSetup":
	{
		"mechanicalBalance":
		{
			"aRBFront": 41,
			"aRBRear": 0,
			"wheelRate": [ 8, 8, 0, 0 ],
			"bumpStopRateUp": [ 7, 7, 0, 0 ],
			"bumpStopRateDn": [ 0, 0, 10, 10 ],
			"bumpStopWindow": [ 0, 0, 60, 60 ],
			"brakeTorque": 20,
			"brakeBias": 30
		},
		"dampers":
		{
			"bumpSlow": [ 6, 6, 1, 1 ],
			"bumpFast": [ 4, 4, 4, 4 ],
			"reboundSlow": [ 5, 5, 6, 6 ],
			"reboundFast": [ 4, 4, 4, 4 ]
		},
		"aeroBalance":
		{
			"rideHeight": [ 0, 6, 15, 18 ],
			"rodLength": [ -35.791450500488281, -35.791450500488281, -6.9280920028686523, -6.9280920028686523 ],
			"splitter": 0,
			"rearWing": 14,
			"brakeDuct": [ 3, 3 ]
		},
		"drivetrain":
		{
			"preload": 28
		}
	},
	"trackBopType": 42
}