{"carName":"bmw_m4_gt3","basicSetup":{"tyres":{"tyreCompound":0,"tyrePressure":[59,56,62,59]},"alignment":{"camber":[0,0,1,1],"toe":[3,3,0,0],"staticCamber":[-4.219046592712402,-4.220861911773682,-2.021328210830688,-2.023737907409668],"toeOutLinear":[0.0004049804992973804,0.0004049916460644454,0.0003002407611347735,0.0003002598241437227],"casterLF":40,"casterRF":40,"steerRatio":5},"electronics":{"tC1":8,"tC2":0,"abs":3,"eCUMap":0,"fuelMix":0,"telemetryLaps":0},"strategy":{"fuel":0,"nPitStops":0,"tyreSet":31,"frontBrakePadCompound":0,"rearBrakePadCompound":0,"pitStrategy":[{"fuelToAdd":0,"tyres":{"tyreCompound":0,"tyrePressure":[51,53,54,55]},"tyreSet":2,"frontBrakePadCompound":1,"rearBrakePadCompound":1}],"fuelPerLap":3.799999952316284}},"advancedSetup":{"mechanicalBalance":{"aRBFront":5,"aRBRear":4,"wheelRate":[2,2,0,0],"bumpStopRateUp":[8,8,9,9],"bumpStopRateDn":[0,0,10,10],"bumpStopWindow":[15,15,19,19],"brakeTorque":20,"brakeBias":15},"dampers":{"bumpSlow":[36,36,29,29],"bumpFast":[18,18,18,18],"reboundSlow":[30,30,35,35],"reboundFast":[19,19,19,19]},"aeroBalance":{"rideHeight":[3,11,4,18],"rodLength":[25.74831771850586,25.74831771850586,6.683237552642822,6.683237552642822],"splitter":0,"rearWing":3,"brakeDuct":[2,2]},"drivetrain":{"preload":28}},"trackBopType":39}
