{"carName":"bmw_m4_gt3","basicSetup":{"tyres":{"tyreCompound":0,"tyrePressure":[62,58,64,59]},"alignment":{"camber":[0,0,1,1],"toe":[7,7,0,0],"staticCamber":[-4.207484722137451,-4.209400653839111,-1.950756311416626,-1.954719543457031],"toeOutLinear":[0.0003144168586004525,0.0003144121146760881,0.0003115507715847343,0.0003115773142781109],"casterLF":40,"casterRF":40,"steerRatio":5},"electronics":{"tC1":4,"tC2":0,"abs":3,"eCUMap":0,"fuelMix":0,"telemetryLaps":0},"strategy":{"fuel":0,"nPitStops":0,"tyreSet":8,"frontBrakePadCompound":0,"rearBrakePadCompound":0,"pitStrategy":[{"fuelToAdd":0,"tyres":{"tyreCompound":0,"tyrePressure":[53,48,57,53]},"tyreSet":2,"frontBrakePadCompound":1,"rearBrakePadCompound":1}],"fuelPerLap":3.799999952316284}},"advancedSetup":{"mechanicalBalance":{"aRBFront":8,"aRBRear":7,"wheelRate":[3,3,0,0],"bumpStopRateUp":[9,9,6,6],"bumpStopRateDn":[0,0,10,10],"bumpStopWindow":[18,18,15,15],"brakeTorque":20,"brakeBias":17},"dampers":{"bumpSlow":[19,19,11,11],"bumpFast":[11,11,10,10],"reboundSlow":[35,35,35,35],"reboundFast":[23,23,17,17]},"aeroBalance":{"rideHeight":[3,11,3,18],"rodLength":[23.48814392089844,23.48814392089844,5.161386013031006,5.161386013031006],"splitter":0,"rearWing":2,"brakeDuct":[3,2]},"drivetrain":{"preload":10}},"trackBopType":39}
