{
	"carName": "ferrari_488_gt3",
	"basicSetup":
	{
		"tyres":
		{
			"tyreCompound": 0,
			"tyrePressure": [ 47, 61, 48, 57 ]
		},
		"alignment":
		{
			"camber": [ 2, 2, 0, 0 ],
			"toe": [ 32, 32, 50, 50 ],
			"staticCamber": [ -2.5712218284606934, -2.5629603862762451, -2.3504478931427002, -2.3440666198730469 ],
			"toeOutLinear": [ -7.1414484409615397e-05, -7.1388873038813472e-05, -0.00041955217602662742, -0.00041864896775223315 ],
			"casterLF": 46,
			"casterRF": 46,
			"steerRatio": 4
		},
		"electronics":
		{
			"tC1": 3,
			"tC2": 3,
			"abs": 4,
			"eCUMap": 0,
			"fuelMix": 0,
			"telemetryLaps": 0
		},
		"strategy":
		{
			"fuel": 33,
			"nPitStops": 0,
			"tyreSet": 0,
			"frontBrakePadCompound": 0,
			"rearBrakePadCompound": 0,
			"pitStrategy": [
				{
					"fuelToAdd": 0,
					"tyres":
					{
						"tyreCompound": 0,
						"tyrePressure": [ 47, 61, 48, 57 ]
					},
					"tyreSet": 2,
					"frontBrakePadCompound": 1,
					"rearBrakePadCompound": 1
				}
			],
			"fuelPerLap": 2.6099998950958252
		}
	},
	"advancedSetup":
	{
		"mechanicalBalance":
		{
			"aRBFront": 20,
			"aRBRear": 10,
			"wheelRate": [ 8, 8, 3, 3 ],
			"bumpStopRateUp": [ 7, 7, 2, 2 ],
			"bumpStopRateDn": [ 0, 0, 10, 10 ],
			"bumpStopWindow": [ 1, 1, 50, 50 ],
			"brakeTorque": 20,
			"brakeBias": 53
		},
		"dampers":
		{
			"bumpSlow": [ 5, 5, 4, 4 ],
			"bumpFast": [ 4, 4, 5, 5 ],
			"reboundSlow": [ 7, 7, 5, 5 ],
			"reboundFast": [ 4, 4, 6, 6 ]
		},
		"aeroBalance":
		{
			"rideHeight": [ 1, 6, 4, 18 ],
			"rodLength": [ -35.173351287841797, -35.173351287841797, -24.413318634033203, -24.413318634033203 ],
			"splitter": 0,
			"rearWing": 10,
			"brakeDuct": [ 3, 2 ]
		},
		"drivetrain":
		{
			"preload": 2
		}
	},
	"trackBopType": 27
}