{
	"carName": "amr_v8_vantage_gt3",
	"basicSetup":
	{
		"tyres":
		{
			"tyreCompound": 0,
			"tyrePressure": [ 46, 61, 50, 61 ]
		},
		"alignment":
		{
			"camber": [ 2, 2, 3, 3 ],
			"toe": [ 30, 30, 50, 50 ],
			"staticCamber": [ -5.205319881439209, -5.1957168579101563, -4.7964200973510742, -4.7887215614318848 ],
			"toeOutLinear": [ 0.00018866271420847625, 0.00018865513266064227, 0.00029376981547102332, 0.00029381539206951857 ],
			"casterLF": 3,
			"casterRF": 3,
			"steerRatio": 1
		},
		"electronics":
		{
			"tC1": 3,
			"tC2": 3,
			"abs": 3,
			"eCUMap": 0,
			"fuelMix": 0,
			"telemetryLaps": 99
		},
		"strategy":
		{
			"fuel": 13,
			"nPitStops": 0,
			"tyreSet": 0,
			"frontBrakePadCompound": 0,
			"rearBrakePadCompound": 0,
			"pitStrategy": [
				{
					"fuelToAdd": 0,
					"tyres":
					{
						"tyreCompound": 0,
						"tyrePressure": [ 50, 63, 50, 61 ]
					},
					"tyreSet": 2,
					"frontBrakePadCompound": 1,
					"rearBrakePadCompound": 1
				}
			],
			"fuelPerLap": 2.3933236598968506
		}
	},
	"advancedSetup":
	{
		"mechanicalBalance":
		{
			"aRBFront": 3,
			"aRBRear": 3,
			"wheelRate": [ 3, 3, 5, 5 ],
			"bumpStopRateUp": [ 5, 5, 4, 4 ],
			"bumpStopRateDn": [ 0, 0, 10, 10 ],
			"bumpStopWindow": [ 6, 5, 55, 53 ],
			"brakeTorque": 20,
			"brakeBias": 35
		},
		"dampers":
		{
			"bumpSlow": [ 25, 25, 15, 15 ],
			"bumpFast": [ 25, 22, 20, 16 ],
			"reboundSlow": [ 25, 25, 23, 23 ],
			"reboundFast": [ 30, 27, 25, 21 ]
		},
		"aeroBalance":
		{
			"rideHeight": [ 0, 6, 22, 18 ],
			"rodLength": [ 58.216556549072266, 58.216556549072266, 66.594329833984375, 66.594329833984375 ],
			"splitter": 0,
			"rearWing": 9,
			"brakeDuct": [ 4, 4 ]
		},
		"drivetrain":
		{
			"preload": 1
		}
	},
	"trackBopType": 37
}