{
	"carName": "ferrari_488_gt3_evo",
	"basicSetup":
	{
		"tyres":
		{
			"tyreCompound": 0,
			"tyrePressure": [ 44, 58, 48, 56 ]
		},
		"alignment":
		{
			"camber": [ 2, 2, 4, 4 ],
			"toe": [ 25, 25, 55, 55 ],
			"staticCamber": [ -2.959040641784668, -2.950098991394043, -1.892825722694397, -1.8871030807495117 ],
			"toeOutLinear": [ 0.0010587088763713837, 0.0010587031720206141, -0.00032173912040889263, -0.00032185000600293279 ],
			"casterLF": 46,
			"casterRF": 46,
			"steerRatio": 4
		},
		"electronics":
		{
			"tC1": 9,
			"tC2": 0,
			"abs": 5,
			"eCUMap": 0,
			"fuelMix": 0,
			"telemetryLaps": 16
		},
		"strategy":
		{
			"fuel": 25,
			"nPitStops": 0,
			"tyreSet": 0,
			"frontBrakePadCompound": 0,
			"rearBrakePadCompound": 0,
			"pitStrategy": [
				{
					"fuelToAdd": 0,
					"tyres":
					{
						"tyreCompound": 0,
						"tyrePressure": [ 44, 58, 48, 56 ]
					},
					"tyreSet": 2,
					"frontBrakePadCompound": 1,
					"rearBrakePadCompound": 1
				}
			],
			"fuelPerLap": 2.5499999523162842
		}
	},
	"advancedSetup":
	{
		"mechanicalBalance":
		{
			"aRBFront": 27,
			"aRBRear": 27,
			"wheelRate": [ 8, 8, 3, 3 ],
			"bumpStopRateUp": [ 7, 7, 2, 2 ],
			"bumpStopRateDn": [ 0, 0, 10, 10 ],
			"bumpStopWindow": [ 1, 1, 50, 50 ],
			"brakeTorque": 20,
			"brakeBias": 35
		},
		"dampers":
		{
			"bumpSlow": [ 8, 8, 5, 5 ],
			"bumpFast": [ 5, 5, 5, 5 ],
			"reboundSlow": [ 9, 9, 8, 8 ],
			"reboundFast": [ 8, 8, 6, 6 ]
		},
		"aeroBalance":
		{
			"rideHeight": [ 4, 6, 2, 18 ],
			"rodLength": [ -31.266498565673828, -31.266498565673828, -24.988176345825195, -24.988176345825195 ],
			"splitter": 0,
			"rearWing": 10,
			"brakeDuct": [ 4, 3 ]
		},
		"drivetrain":
		{
			"preload": 4
		}
	},
	"trackBopType": 48
}