{
	"carName": "amr_v8_vantage_gt3",
	"basicSetup":
	{
		"tyres":
		{
			"tyreCompound": 0,
			"tyrePressure": [ 56, 56, 58, 57 ]
		},
		"alignment":
		{
			"camber": [ 0, 0, 0, 0 ],
			"toe": [ 0, 0, 15, 15 ],
			"staticCamber": [ -5.4912567138671875, -5.4912652969360352, -5.3173580169677734, -5.3180217742919922 ],
			"toeOutLinear": [ 0.00078942283289507031, 0.00078942306572571397, -0.00055201828945428133, -0.00055200309725478292 ],
			"casterLF": 21,
			"casterRF": 21,
			"steerRatio": 1
		},
		"electronics":
		{
			"tC1": 3,
			"tC2": 8,
			"abs": 5,
			"eCUMap": 0,
			"fuelMix": 0,
			"telemetryLaps": 0
		},
		"strategy":
		{
			"fuel": 48,
			"nPitStops": 0,
			"tyreSet": 0,
			"frontBrakePadCompound": 0,
			"rearBrakePadCompound": 0,
			"pitStrategy": [
				{
					"fuelToAdd": 0,
					"tyres":
					{
						"tyreCompound": 0,
						"tyrePressure": [ 56, 56, 58, 57 ]
					},
					"tyreSet": 2,
					"frontBrakePadCompound": 1,
					"rearBrakePadCompound": 1
				}
			],
			"fuelPerLap": 3.0986728668212891
		}
	},
	"advancedSetup":
	{
		"mechanicalBalance":
		{
			"aRBFront": 5,
			"aRBRear": 4,
			"wheelRate": [ 3, 3, 4, 4 ],
			"bumpStopRateUp": [ 3, 3, 2, 2 ],
			"bumpStopRateDn": [ 0, 0, 10, 10 ],
			"bumpStopWindow": [ 5, 5, 45, 45 ],
			"brakeTorque": 20,
			"brakeBias": 20
		},
		"dampers":
		{
			"bumpSlow": [ 22, 22, 16, 16 ],
			"bumpFast": [ 19, 19, 17, 17 ],
			"reboundSlow": [ 15, 15, 24, 24 ],
			"reboundFast": [ 36, 36, 26, 26 ]
		},
		"aeroBalance":
		{
			"rideHeight": [ 1, 6, 29, 18 ],
			"rodLength": [ 59.836036682128906, 59.836036682128906, 75.915245056152344, 75.915245056152344 ],
			"splitter": 0,
			"rearWing": 10,
			"brakeDuct": [ 3, 2 ]
		},
		"drivetrain":
		{
			"preload": 0
		}
	},
	"trackBopType": 42
}