{
	"carName": "amr_v8_vantage_gt3",
	"basicSetup":
	{
		"tyres":
		{
			"tyreCompound": 0,
			"tyrePressure": [ 59, 59, 59, 59 ]
		},
		"alignment":
		{
			"camber": [ 0, 0, 0, 0 ],
			"toe": [ 0, 0, 15, 15 ],
			"staticCamber": [ -5.4616479873657227, -5.4616527557373047, -5.2685685157775879, -5.2685685157775879 ],
			"toeOutLinear": [ 0.00078887655399739742, 0.00078887108247727156, -0.00055462867021560669, -0.00055462663294747472 ],
			"casterLF": 21,
			"casterRF": 21,
			"steerRatio": 1
		},
		"electronics":
		{
			"tC1": 3,
			"tC2": 8,
			"abs": 5,
			"eCUMap": 0,
			"fuelMix": 0,
			"telemetryLaps": 0
		},
		"strategy":
		{
			"fuel": 15,
			"nPitStops": 0,
			"tyreSet": 0,
			"frontBrakePadCompound": 0,
			"rearBrakePadCompound": 0,
			"pitStrategy": [
				{
					"fuelToAdd": 0,
					"tyres":
					{
						"tyreCompound": 0,
						"tyrePressure": [ 59, 59, 59, 59 ]
					},
					"tyreSet": 2,
					"frontBrakePadCompound": 1,
					"rearBrakePadCompound": 1
				}
			],
			"fuelPerLap": 3.2999999523162842
		}
	},
	"advancedSetup":
	{
		"mechanicalBalance":
		{
			"aRBFront": 5,
			"aRBRear": 5,
			"wheelRate": [ 4, 4, 4, 4 ],
			"bumpStopRateUp": [ 3, 3, 2, 2 ],
			"bumpStopRateDn": [ 0, 0, 10, 10 ],
			"bumpStopWindow": [ 5, 5, 45, 45 ],
			"brakeTorque": 20,
			"brakeBias": 20
		},
		"dampers":
		{
			"bumpSlow": [ 22, 22, 16, 16 ],
			"bumpFast": [ 19, 19, 17, 17 ],
			"reboundSlow": [ 15, 15, 24, 24 ],
			"reboundFast": [ 36, 36, 26, 26 ]
		},
		"aeroBalance":
		{
			"rideHeight": [ 0, 6, 27, 18 ],
			"rodLength": [ 57.412528991699219, 57.412528991699219, 73.06182861328125, 73.06182861328125 ],
			"splitter": 0,
			"rearWing": 10,
			"brakeDuct": [ 3, 2 ]
		},
		"drivetrain":
		{
			"preload": 0
		}
	},
	"trackBopType": 42
}