{
	"carName": "ferrari_296_gt3",
	"basicSetup":
	{
		"tyres":
		{
			"tyreCompound": 0,
			"tyrePressure": [ 48, 57, 44, 51 ]
		},
		"alignment":
		{
			"camber": [ 8, 8, 2, 2 ],
			"toe": [ 30, 30, 55, 55 ],
			"staticCamber": [ -3.9328129291534424, -3.9270989894866943, -4.3489475250244141, -4.3440995216369629 ],
			"toeOutLinear": [ -0.00013481022324413061, -0.00013481882342603058, 0.00051899813115596771, 0.00051898538367822766 ],
			"casterLF": 14,
			"casterRF": 14,
			"steerRatio": 1
		},
		"electronics":
		{
			"tC1": 6,
			"tC2": 0,
			"abs": 2,
			"eCUMap": 0,
			"fuelMix": 0,
			"telemetryLaps": 13
		},
		"strategy":
		{
			"fuel": 37,
			"nPitStops": 0,
			"tyreSet": 0,
			"frontBrakePadCompound": 0,
			"rearBrakePadCompound": 0,
			"pitStrategy": [
				{
					"fuelToAdd": 0,
					"tyres":
					{
						"tyreCompound": 0,
						"tyrePressure": [ 48, 57, 44, 51 ]
					},
					"tyreSet": 2,
					"frontBrakePadCompound": 1,
					"rearBrakePadCompound": 1
				}
			],
			"fuelPerLap": 3
		}
	},
	"advancedSetup":
	{
		"mechanicalBalance":
		{
			"aRBFront": 6,
			"aRBRear": 3,
			"wheelRate": [ 6, 6, 2, 2 ],
			"bumpStopRateUp": [ 4, 4, 10, 10 ],
			"bumpStopRateDn": [ 0, 0, 10, 10 ],
			"bumpStopWindow": [ 1, 1, 28, 28 ],
			"brakeTorque": 20,
			"brakeBias": 42
		},
		"dampers":
		{
			"bumpSlow": [ 7, 7, 5, 5 ],
			"bumpFast": [ 4, 4, 5, 5 ],
			"reboundSlow": [ 7, 7, 5, 5 ],
			"reboundFast": [ 5, 5, 7, 7 ]
		},
		"aeroBalance":
		{
			"rideHeight": [ 2, 6, 3, 18 ],
			"rodLength": [ 35.308631896972656, 35.308631896972656, 36.05023193359375, 36.05023193359375 ],
			"splitter": 0,
			"rearWing": 4,
			"brakeDuct": [ 4, 4 ]
		},
		"drivetrain":
		{
			"preload": 6
		}
	},
	"trackBopType": 31
}