{
	"carName": "mercedes_amg_gt3_evo",
	"basicSetup":
	{
		"tyres":
		{
			"tyreCompound": 0,
			"tyrePressure": [ 52, 57, 59, 61 ]
		},
		"alignment":
		{
			"camber": [ 0, 0, 3, 3 ],
			"toe": [ 30, 30, 50, 50 ],
			"staticCamber": [ -3.6892740726470947, -3.6858932971954346, -3.8765494823455811, -3.8748855590820313 ],
			"toeOutLinear": [ -4.8025900468928739e-05, -4.8017267545219511e-05, 0.00019089579291176051, 0.00019114678434561938 ],
			"casterLF": 33,
			"casterRF": 33,
			"steerRatio": 2
		},
		"electronics":
		{
			"tC1": 3,
			"tC2": 0,
			"abs": 3,
			"eCUMap": 0,
			"fuelMix": 0,
			"telemetryLaps": 99
		},
		"strategy":
		{
			"fuel": 19,
			"nPitStops": 0,
			"tyreSet": 3,
			"frontBrakePadCompound": 0,
			"rearBrakePadCompound": 0,
			"pitStrategy": [
				{
					"fuelToAdd": 0,
					"tyres":
					{
						"tyreCompound": 0,
						"tyrePressure": [ 46, 53, 53, 56 ]
					},
					"tyreSet": 2,
					"frontBrakePadCompound": 0,
					"rearBrakePadCompound": 0
				}
			],
			"fuelPerLap": 3.205843448638916
		}
	},
	"advancedSetup":
	{
		"mechanicalBalance":
		{
			"aRBFront": 4,
			"aRBRear": 2,
			"wheelRate": [ 3, 3, 4, 4 ],
			"bumpStopRateUp": [ 4, 4, 3, 3 ],
			"bumpStopRateDn": [ 0, 0, 10, 10 ],
			"bumpStopWindow": [ 25, 25, 20, 20 ],
			"brakeTorque": 20,
			"brakeBias": 38
		},
		"dampers":
		{
			"bumpSlow": [ 5, 5, 5, 5 ],
			"bumpFast": [ 4, 4, 4, 4 ],
			"reboundSlow": [ 7, 7, 7, 7 ],
			"reboundFast": [ 8, 8, 9, 9 ]
		},
		"aeroBalance":
		{
			"rideHeight": [ 5, 6, 8, 18 ],
			"rodLength": [ 9.9746074676513672, 9.9746074676513672, 67.411346435546875, 67.411346435546875 ],
			"splitter": 8,
			"rearWing": 6,
			"brakeDuct": [ 4, 4 ]
		},
		"drivetrain":
		{
			"preload": 13
		}
	},
	"trackBopType": 53
}