{
	"carName": "mclaren_720s_gt3_evo",
	"basicSetup":
	{
		"tyres":
		{
			"tyreCompound": 0,
			"tyrePressure": [ 46, 45, 41, 43 ]
		},
		"alignment":
		{
			"camber": [ 0, 0, 1, 1 ],
			"toe": [ 36, 36, 25, 25 ],
			"staticCamber": [ -4.6188840866088867, -4.6194419860839844, -4.2477803230285645, -4.2463254928588867 ],
			"toeOutLinear": [ 0.0016015887958928943, 0.0016015955479815602, 0.00035396189196035266, 0.00035396614111959934 ],
			"casterLF": 31,
			"casterRF": 31,
			"steerRatio": 2
		},
		"electronics":
		{
			"tC1": 4,
			"tC2": 12,
			"abs": 3,
			"eCUMap": 0,
			"fuelMix": 0,
			"telemetryLaps": 17
		},
		"strategy":
		{
			"fuel": 38,
			"nPitStops": 0,
			"tyreSet": 0,
			"frontBrakePadCompound": 0,
			"rearBrakePadCompound": 0,
			"pitStrategy": [
				{
					"fuelToAdd": 0,
					"tyres":
					{
						"tyreCompound": 0,
						"tyrePressure": [ 40, 45, 37, 43 ]
					},
					"tyreSet": 0,
					"frontBrakePadCompound": 1,
					"rearBrakePadCompound": 1
				}
			],
			"fuelPerLap": 4.0999999046325684
		}
	},
	"advancedSetup":
	{
		"mechanicalBalance":
		{
			"aRBFront": 5,
			"aRBRear": 2,
			"wheelRate": [ 4, 4, 5, 5 ],
			"bumpStopRateUp": [ 7, 7, 2, 2 ],
			"bumpStopRateDn": [ 0, 0, 10, 10 ],
			"bumpStopWindow": [ 6, 6, 20, 20 ],
			"brakeTorque": 20,
			"brakeBias": 24
		},
		"dampers":
		{
			"bumpSlow": [ 30, 30, 14, 14 ],
			"bumpFast": [ 30, 30, 20, 20 ],
			"reboundSlow": [ 12, 12, 16, 16 ],
			"reboundFast": [ 30, 30, 31, 31 ]
		},
		"aeroBalance":
		{
			"rideHeight": [ 0, 6, 0, 18 ],
			"rodLength": [ 51.158409118652344, 51.158409118652344, 27.31151008605957, 27.31151008605957 ],
			"splitter": 0,
			"rearWing": 7,
			"brakeDuct": [ 4, 4 ]
		},
		"drivetrain":
		{
			"preload": 2
		}
	},
	"trackBopType": 33
}