{
	"carName": "ferrari_296_gt3",
	"basicSetup":
	{
		"tyres":
		{
			"tyreCompound": 0,
			"tyrePressure": [ 45, 50, 40, 45 ]
		},
		"alignment":
		{
			"camber": [ 5, 5, 3, 3 ],
			"toe": [ 35, 35, 50, 50 ],
			"staticCamber": [ -4.3443603515625, -4.3411574363708496, -4.4009881019592285, -4.3975315093994141 ],
			"toeOutLinear": [ -0.00034739254624582827, -0.00034739260445348918, 0.00032087709405459464, 0.00032087927684187889 ],
			"casterLF": 14,
			"casterRF": 14,
			"steerRatio": 1
		},
		"electronics":
		{
			"tC1": 5,
			"tC2": 0,
			"abs": 2,
			"eCUMap": 0,
			"fuelMix": 0,
			"telemetryLaps": 21
		},
		"strategy":
		{
			"fuel": 28,
			"nPitStops": 0,
			"tyreSet": 0,
			"frontBrakePadCompound": 0,
			"rearBrakePadCompound": 0,
			"pitStrategy": [
				{
					"fuelToAdd": 0,
					"tyres":
					{
						"tyreCompound": 0,
						"tyrePressure": [ 45, 50, 40, 45 ]
					},
					"tyreSet": 2,
					"frontBrakePadCompound": 1,
					"rearBrakePadCompound": 1
				}
			],
			"fuelPerLap": 2.2999999523162842
		}
	},
	"advancedSetup":
	{
		"mechanicalBalance":
		{
			"aRBFront": 3,
			"aRBRear": 1,
			"wheelRate": [ 4, 4, 4, 4 ],
			"bumpStopRateUp": [ 2, 2, 5, 5 ],
			"bumpStopRateDn": [ 0, 0, 10, 10 ],
			"bumpStopWindow": [ 5, 5, 16, 16 ],
			"brakeTorque": 20,
			"brakeBias": 48
		},
		"dampers":
		{
			"bumpSlow": [ 8, 8, 5, 5 ],
			"bumpFast": [ 4, 4, 5, 5 ],
			"reboundSlow": [ 7, 7, 6, 6 ],
			"reboundFast": [ 5, 5, 7, 7 ]
		},
		"aeroBalance":
		{
			"rideHeight": [ 7, 6, 6, 18 ],
			"rodLength": [ 40.9683837890625, 40.9683837890625, 36.917762756347656, 36.917762756347656 ],
			"splitter": 0,
			"rearWing": 8,
			"brakeDuct": [ 4, 4 ]
		},
		"drivetrain":
		{
			"preload": 3
		}
	},
	"trackBopType": 36
}