{
	"carName": "ferrari_488_gt3",
	"basicSetup":
	{
		"tyres":
		{
			"tyreCompound": 0,
			"tyrePressure": [ 51, 54, 49, 51 ]
		},
		"alignment":
		{
			"camber": [ 2, 2, 0, 0 ],
			"toe": [ 32, 32, 50, 50 ],
			"staticCamber": [ -2.5987870693206787, -2.5968601703643799, -2.2632901668548584, -2.2620136737823486 ],
			"toeOutLinear": [ -6.0811853472841904e-05, -6.0718262830050662e-05, -0.00043883343460038304, -0.00043914816342294216 ],
			"casterLF": 46,
			"casterRF": 46,
			"steerRatio": 4
		},
		"electronics":
		{
			"tC1": 3,
			"tC2": 3,
			"abs": 4,
			"eCUMap": 0,
			"fuelMix": 0,
			"telemetryLaps": 0
		},
		"strategy":
		{
			"fuel": 60,
			"nPitStops": 0,
			"tyreSet": 0,
			"frontBrakePadCompound": 0,
			"rearBrakePadCompound": 0,
			"pitStrategy": [
				{
					"fuelToAdd": 0,
					"tyres":
					{
						"tyreCompound": 0,
						"tyrePressure": [ 51, 54, 49, 51 ]
					},
					"tyreSet": 2,
					"frontBrakePadCompound": 1,
					"rearBrakePadCompound": 1
				}
			],
			"fuelPerLap": 3.7000000476837158
		}
	},
	"advancedSetup":
	{
		"mechanicalBalance":
		{
			"aRBFront": 29,
			"aRBRear": 2,
			"wheelRate": [ 8, 8, 5, 5 ],
			"bumpStopRateUp": [ 7, 7, 2, 2 ],
			"bumpStopRateDn": [ 0, 0, 10, 10 ],
			"bumpStopWindow": [ 0, 0, 50, 50 ],
			"brakeTorque": 20,
			"brakeBias": 53
		},
		"dampers":
		{
			"bumpSlow": [ 6, 6, 5, 5 ],
			"bumpFast": [ 7, 7, 4, 4 ],
			"reboundSlow": [ 7, 7, 4, 4 ],
			"reboundFast": [ 7, 7, 4, 4 ]
		},
		"aeroBalance":
		{
			"rideHeight": [ 2, 6, 1, 18 ],
			"rodLength": [ -33.941886901855469, -33.941886901855469, -28.685136795043945, -28.685136795043945 ],
			"splitter": 0,
			"rearWing": 9,
			"brakeDuct": [ 3, 2 ]
		},
		"drivetrain":
		{
			"preload": 6
		}
	},
	"trackBopType": 29
}