{
	"carName": "honda_nsx_gt3_evo",
	"basicSetup":
	{
		"tyres":
		{
			"tyreCompound": 0,
			"tyrePressure": [ 64, 72, 62, 67 ]
		},
		"alignment":
		{
			"camber": [ 0, 0, 0, 0 ],
			"toe": [ 16, 16, 32, 32 ],
			"staticCamber": [ -3.1939141750335693, -3.1903800964355469, -3.2527501583099365, -3.2484660148620605 ],
			"toeOutLinear": [ 0.0010482690995559096, 0.0010482745710760355, 0.00011665721103781834, 0.00011664622434182093 ],
			"casterLF": 6,
			"casterRF": 6,
			"steerRatio": 3
		},
		"electronics":
		{
			"tC1": 1,
			"tC2": 11,
			"abs": 4,
			"eCUMap": 0,
			"fuelMix": 0,
			"telemetryLaps": 16
		},
		"strategy":
		{
			"fuel": 24,
			"nPitStops": 0,
			"tyreSet": 2,
			"frontBrakePadCompound": 0,
			"rearBrakePadCompound": 0,
			"pitStrategy": [
				{
					"fuelToAdd": 0,
					"tyres":
					{
						"tyreCompound": 0,
						"tyrePressure": [ 62, 62, 58, 59 ]
					},
					"tyreSet": 2,
					"frontBrakePadCompound": 0,
					"rearBrakePadCompound": 0
				}
			],
			"fuelPerLap": 2.3758525848388672
		}
	},
	"advancedSetup":
	{
		"mechanicalBalance":
		{
			"aRBFront": 0,
			"aRBRear": 0,
			"wheelRate": [ 6, 6, 4, 4 ],
			"bumpStopRateUp": [ 1, 1, 0, 0 ],
			"bumpStopRateDn": [ 0, 0, 10, 10 ],
			"bumpStopWindow": [ 10, 10, 29, 29 ],
			"brakeTorque": 20,
			"brakeBias": 30
		},
		"dampers":
		{
			"bumpSlow": [ 8, 8, 6, 6 ],
			"bumpFast": [ 6, 6, 9, 9 ],
			"reboundSlow": [ 8, 8, 7, 7 ],
			"reboundFast": [ 6, 6, 10, 10 ]
		},
		"aeroBalance":
		{
			"rideHeight": [ 0, 6, 17, 18 ],
			"rodLength": [ -10.122507095336914, -10.122507095336914, 6.0276165008544922, 6.0276165008544922 ],
			"splitter": 0,
			"rearWing": 11,
			"brakeDuct": [ 4, 4 ]
		},
		"drivetrain":
		{
			"preload": 0
		}
	},
	"trackBopType": 36
}