{
	"carName": "honda_nsx_gt3_evo",
	"basicSetup":
	{
		"tyres":
		{
			"tyreCompound": 0,
			"tyrePressure": [ 54, 54, 53, 55 ]
		},
		"alignment":
		{
			"camber": [ 0, 0, 0, 0 ],
			"toe": [ 20, 20, 40, 40 ],
			"staticCamber": [ -3.1882109642028809, -3.1882100105285645, -3.3537101745605469, -3.3522701263427734 ],
			"toeOutLinear": [ 0.00095009320648387074, 0.00095008843345567584, 0.00022036780137568712, 0.00022037520830053836 ],
			"casterLF": 4,
			"casterRF": 4,
			"steerRatio": 4
		},
		"electronics":
		{
			"tC1": 1,
			"tC2": 11,
			"abs": 1,
			"eCUMap": 3,
			"fuelMix": 0,
			"telemetryLaps": 7
		},
		"strategy":
		{
			"fuel": 12,
			"nPitStops": 0,
			"tyreSet": 15,
			"frontBrakePadCompound": 0,
			"rearBrakePadCompound": 0,
			"pitStrategy": [
				{
					"fuelToAdd": 0,
					"tyres":
					{
						"tyreCompound": 0,
						"tyrePressure": [ 51, 52, 49, 51 ]
					},
					"tyreSet": 2,
					"frontBrakePadCompound": 1,
					"rearBrakePadCompound": 1
				}
			],
			"fuelPerLap": 3.2701287269592285
		}
	},
	"advancedSetup":
	{
		"mechanicalBalance":
		{
			"aRBFront": 1,
			"aRBRear": 4,
			"wheelRate": [ 7, 7, 1, 1 ],
			"bumpStopRateUp": [ 1, 1, 2, 2 ],
			"bumpStopRateDn": [ 0, 0, 10, 10 ],
			"bumpStopWindow": [ 0, 0, 0, 0 ],
			"brakeTorque": 20,
			"brakeBias": 25
		},
		"dampers":
		{
			"bumpSlow": [ 11, 11, 12, 12 ],
			"bumpFast": [ 9, 9, 11, 11 ],
			"reboundSlow": [ 11, 11, 13, 13 ],
			"reboundFast": [ 11, 11, 12, 12 ]
		},
		"aeroBalance":
		{
			"rideHeight": [ 0, 6, 20, 18 ],
			"rodLength": [ -10.866836547851563, -10.866836547851563, 11.292424201965332, 11.292424201965332 ],
			"splitter": 0,
			"rearWing": 11,
			"brakeDuct": [ 3, 4 ]
		},
		"drivetrain":
		{
			"preload": 28
		}
	},
	"trackBopType": 42
}