{
	"carName": "lamborghini_huracan_gt3_evo2",
	"basicSetup":
	{
		"tyres":
		{
			"tyreCompound": 0,
			"tyrePressure": [ 50, 50, 44, 44 ]
		},
		"alignment":
		{
			"camber": [ 4, 4, 3, 3 ],
			"toe": [ 25, 25, 60, 60 ],
			"staticCamber": [ -3.5749430656433105, -3.5749349594116211, -3.1039786338806152, -3.1039776802062988 ],
			"toeOutLinear": [ 0.00069066148716956377, 0.00069066730793565512, 0.00061785109573975205, 0.00061785784782841802 ],
			"casterLF": 15,
			"casterRF": 15,
			"steerRatio": 1
		},
		"electronics":
		{
			"tC1": 6,
			"tC2": 4,
			"abs": 4,
			"eCUMap": 0,
			"fuelMix": 0,
			"telemetryLaps": 0
		},
		"strategy":
		{
			"fuel": 42,
			"nPitStops": 0,
			"tyreSet": 0,
			"frontBrakePadCompound": 0,
			"rearBrakePadCompound": 0,
			"pitStrategy": [
				{
					"fuelToAdd": 0,
					"tyres":
					{
						"tyreCompound": 0,
						"tyrePressure": [ 50, 50, 44, 44 ]
					},
					"tyreSet": 2,
					"frontBrakePadCompound": 1,
					"rearBrakePadCompound": 1
				}
			],
			"fuelPerLap": 3.1500000953674316
		}
	},
	"advancedSetup":
	{
		"mechanicalBalance":
		{
			"aRBFront": 4,
			"aRBRear": 2,
			"wheelRate": [ 3, 3, 2, 2 ],
			"bumpStopRateUp": [ 6, 6, 7, 7 ],
			"bumpStopRateDn": [ 0, 0, 10, 10 ],
			"bumpStopWindow": [ 2, 2, 55, 55 ],
			"brakeTorque": 20,
			"brakeBias": 37
		},
		"dampers":
		{
			"bumpSlow": [ 20, 20, 15, 15 ],
			"bumpFast": [ 20, 20, 30, 30 ],
			"reboundSlow": [ 20, 20, 15, 15 ],
			"reboundFast": [ 27, 27, 35, 35 ]
		},
		"aeroBalance":
		{
			"rideHeight": [ 6, 6, 15, 18 ],
			"rodLength": [ -0.68098747730255127, -0.68098747730255127, 14.779032707214355, 14.779032707214355 ],
			"splitter": 0,
			"rearWing": 9,
			"brakeDuct": [ 4, 4 ]
		},
		"drivetrain":
		{
			"preload": 7
		}
	},
	"trackBopType": 27
}