{
	"carName": "bmw_m4_gt3",
	"basicSetup":
	{
		"tyres":
		{
			"tyreCompound": 0,
			"tyrePressure": [ 60, 60, 62, 61 ]
		},
		"alignment":
		{
			"camber": [ 0, 0, 0, 0 ],
			"toe": [ 0, 0, 0, 0 ],
			"staticCamber": [ -4.131284236907959, -4.131284236907959, -2.9406170845031738, -2.9414076805114746 ],
			"toeOutLinear": [ 0.00040397918201051652, 0.00040397897828370333, 0.00014119442494120449, 0.00014119778643362224 ],
			"casterLF": 26,
			"casterRF": 26,
			"steerRatio": 3
		},
		"electronics":
		{
			"tC1": 5,
			"tC2": 0,
			"abs": 3,
			"eCUMap": 0,
			"fuelMix": 0,
			"telemetryLaps": 15
		},
		"strategy":
		{
			"fuel": 0,
			"nPitStops": 0,
			"tyreSet": 1,
			"frontBrakePadCompound": 0,
			"rearBrakePadCompound": 0,
			"pitStrategy": [
				{
					"fuelToAdd": 80,
					"tyres":
					{
						"tyreCompound": 0,
						"tyrePressure": [ 51, 50, 55, 53 ]
					},
					"tyreSet": 2,
					"frontBrakePadCompound": 0,
					"rearBrakePadCompound": 0
				}
			],
			"fuelPerLap": 2.9000000953674316
		}
	},
	"advancedSetup":
	{
		"mechanicalBalance":
		{
			"aRBFront": 6,
			"aRBRear": 5,
			"wheelRate": [ 2, 2, 3, 3 ],
			"bumpStopRateUp": [ 8, 8, 2, 2 ],
			"bumpStopRateDn": [ 0, 0, 10, 10 ],
			"bumpStopWindow": [ 25, 25, 25, 25 ],
			"brakeTorque": 20,
			"brakeBias": 12
		},
		"dampers":
		{
			"bumpSlow": [ 22, 22, 19, 19 ],
			"bumpFast": [ 0, 0, 0, 0 ],
			"reboundSlow": [ 29, 29, 22, 22 ],
			"reboundFast": [ 27, 27, 22, 22 ]
		},
		"aeroBalance":
		{
			"rideHeight": [ 0, 11, 18, 18 ],
			"rodLength": [ 22.42277717590332, 22.42277717590332, 9.7688779830932617, 9.7688779830932617 ],
			"splitter": 0,
			"rearWing": 8,
			"brakeDuct": [ 3, 2 ]
		},
		"drivetrain":
		{
			"preload": 18
		}
	},
	"trackBopType": 44
}