{
	"carName": "bmw_m4_gt3",
	"basicSetup":
	{
		"tyres":
		{
			"tyreCompound": 0,
			"tyrePressure": [ 50, 50, 52, 52 ]
		},
		"alignment":
		{
			"camber": [ 5, 5, 5, 5 ],
			"toe": [ 10, 10, 10, 10 ],
			"staticCamber": [ -3.7726569175720215, -3.7726516723632813, -2.1490166187286377, -2.1490139961242676 ],
			"toeOutLinear": [ 0.00021695171017199755, 0.00021695064788218588, 1.4570463463314809e-05, 1.4568996448360849e-05 ],
			"casterLF": 13,
			"casterRF": 13,
			"steerRatio": 5
		},
		"electronics":
		{
			"tC1": 6,
			"tC2": 0,
			"abs": 6,
			"eCUMap": 0,
			"fuelMix": 0,
			"telemetryLaps": 0
		},
		"strategy":
		{
			"fuel": 60,
			"nPitStops": 0,
			"tyreSet": 0,
			"frontBrakePadCompound": 1,
			"rearBrakePadCompound": 1,
			"pitStrategy": [
				{
					"fuelToAdd": 0,
					"tyres":
					{
						"tyreCompound": 0,
						"tyrePressure": [ 0, 0, 0, 0 ]
					},
					"tyreSet": 2,
					"frontBrakePadCompound": 0,
					"rearBrakePadCompound": 0
				}
			],
			"fuelPerLap": 2.9000000953674316
		}
	},
	"advancedSetup":
	{
		"mechanicalBalance":
		{
			"aRBFront": 4,
			"aRBRear": 2,
			"wheelRate": [ 2, 2, 3, 3 ],
			"bumpStopRateUp": [ 7, 7, 4, 4 ],
			"bumpStopRateDn": [ 0, 0, 10, 10 ],
			"bumpStopWindow": [ 3, 3, 25, 25 ],
			"brakeTorque": 20,
			"brakeBias": 38
		},
		"dampers":
		{
			"bumpSlow": [ 20, 20, 20, 20 ],
			"bumpFast": [ 25, 25, 25, 25 ],
			"reboundSlow": [ 26, 26, 20, 20 ],
			"reboundFast": [ 30, 30, 30, 30 ]
		},
		"aeroBalance":
		{
			"rideHeight": [ 6, 11, 12, 18 ],
			"rodLength": [ 29.070323944091797, 29.070323944091797, 5.6969337463378906, 5.6969337463378906 ],
			"splitter": 0,
			"rearWing": 5,
			"brakeDuct": [ 4, 4 ]
		},
		"drivetrain":
		{
			"preload": 4
		}
	},
	"trackBopType": 44
}