{
	"carName": "ferrari_488_gt3_evo",
	"basicSetup":
	{
		"tyres":
		{
			"tyreCompound": 0,
			"tyrePressure": [ 51, 54, 49, 51 ]
		},
		"alignment":
		{
			"camber": [ 1, 1, 0, 0 ],
			"toe": [ 32, 32, 50, 50 ],
			"staticCamber": [ -2.9878740310668945, -2.98600172996521, -2.3131287097930908, -2.31150221824646 ],
			"toeOutLinear": [ 0.00082404969725757837, 0.0008240510942414403, -0.0004272836958989501, -0.00042720511555671692 ],
			"casterLF": 46,
			"casterRF": 46,
			"steerRatio": 4
		},
		"electronics":
		{
			"tC1": 3,
			"tC2": 3,
			"abs": 4,
			"eCUMap": 2,
			"fuelMix": 0,
			"telemetryLaps": 10
		},
		"strategy":
		{
			"fuel": 25,
			"nPitStops": 0,
			"tyreSet": 1,
			"frontBrakePadCompound": 0,
			"rearBrakePadCompound": 0,
			"pitStrategy": [
				{
					"fuelToAdd": 0,
					"tyres":
					{
						"tyreCompound": 0,
						"tyrePressure": [ 51, 54, 49, 51 ]
					},
					"tyreSet": 2,
					"frontBrakePadCompound": 1,
					"rearBrakePadCompound": 1
				}
			],
			"fuelPerLap": 2.8488922119140625
		}
	},
	"advancedSetup":
	{
		"mechanicalBalance":
		{
			"aRBFront": 27,
			"aRBRear": 2,
			"wheelRate": [ 8, 8, 3, 3 ],
			"bumpStopRateUp": [ 7, 7, 2, 2 ],
			"bumpStopRateDn": [ 0, 0, 10, 10 ],
			"bumpStopWindow": [ 0, 0, 50, 50 ],
			"brakeTorque": 20,
			"brakeBias": 55
		},
		"dampers":
		{
			"bumpSlow": [ 8, 8, 5, 5 ],
			"bumpFast": [ 2, 2, 3, 3 ],
			"reboundSlow": [ 7, 7, 5, 5 ],
			"reboundFast": [ 4, 4, 4, 4 ]
		},
		"aeroBalance":
		{
			"rideHeight": [ 2, 6, 3, 18 ],
			"rodLength": [ -33.646080017089844, -33.646080017089844, -24.363149642944336, -24.363149642944336 ],
			"splitter": 0,
			"rearWing": 10,
			"brakeDuct": [ 4, 3 ]
		},
		"drivetrain":
		{
			"preload": 15
		}
	},
	"trackBopType": 33
}